,0,1,2,3,4,5,6,7,8,9,10,11,12,13,14,15,16,17,18,19,20,21,22,23,24,25,26,27,28,29,30,31,32,33,34,35,36,37,38,39,40,41,42,43,44,45,46,47,48,49,50,51,52,53,54,55,56,57,58,59,60,61,62,63,64,65,66,67,68,69,70,71,72,73,74,75,76,77,78,79,80,81,82,83,84,85,86,87,88,89,90,91,92,93,94,95,96,97,98,99
0,0.0,-1.5,-0.75,-0.75,-0.75,-0.75,-0.75,-0.75,-1.5,-0.75,-0.75,-0.75,-0.75,-0.75,-0.75,-0.75,-1.5,-1.5,-1.5,-0.75,-0.75,-0.75,-0.75,-1.5,-0.75,-0.75,-1.5,-0.75,-0.75,-0.75,-0.75,-1.5,-1.5,-0.75,-0.75,-0.75,-0.75,-0.75,-0.75,-0.75,-0.75,-1.5,-0.75,-0.75,-0.75,-1.5,-0.75,-0.75,-0.75,-0.75,-0.75,-1.5,-0.75,-0.75,-0.75,-1.5,-0.75,-0.75,-0.75,-0.75,-0.75,-0.75,-0.75,-0.75,-0.75,-0.75,-0.75,-0.75,-0.75,-0.75,-1.5,-0.75,-0.75,-0.75,-0.75,-1.5,-0.75,-0.75,-0.75,-0.75,-0.75,-0.75,-0.75,-1.5,-0.75,-0.75,-0.75,-0.75,-0.75,-0.75,-0.75,-0.75,-1.5,-0.75,-0.75,-0.75,-0.75,-0.75,-0.75,-0.75
1,-0.75,0.0,-1.5,-0.75,-1.5,-0.75,-0.75,-1.5,-0.75,-1.5,-0.75,-0.75,-0.75,-1.5,-0.75,-0.75,-0.75,-0.75,-0.75,-0.75,-0.75,-0.75,-0.75,-0.75,-0.75,-0.75,-1.5,-0.75,-0.75,-0.75,-0.75,-1.5,-0.75,-1.5,-1.5,-0.75,-0.75,-0.75,-0.75,-0.75,-0.75,-1.5,-1.5,-0.75,-0.75,-0.75,-0.75,-0.75,-1.5,-0.75,-0.75,-1.5,-0.75,-0.75,-0.75,-1.5,-0.75,-0.75,-0.75,-0.75,-1.5,-0.75,-1.5,-0.75,-0.75,-0.75,-1.5,-0.75,-0.75,-0.75,-0.75,-1.5,-1.5,-0.75,-1.5,-0.75,-0.75,-0.75,-0.75,-0.75,-0.75,-0.75,-0.75,-0.75,-0.75,-0.75,-0.75,-0.75,-0.75,-1.5,-0.75,-0.75,-0.75,-0.75,-1.5,-0.75,-0.75,-1.5,-0.75,-0.75
2,-0.75,-0.75,0.0,-1.5,-1.5,-0.75,-0.75,-1.5,-1.5,-0.75,-0.75,-0.75,-0.75,-0.75,-0.75,-0.75,-1.5,-0.75,-0.75,-0.75,-0.75,-1.5,-0.75,-0.75,-0.75,-0.75,-0.75,-0.75,-1.5,-0.75,-1.5,-1.5,-1.5,-0.75,-0.75,-1.5,-1.5,-0.75,-1.5,-0.75,-0.75,-0.75,-1.5,-0.75,-0.75,-1.5,-0.75,-0.75,-0.75,-0.75,-0.75,-0.75,-0.75,-0.75,-0.75,-0.75,-0.75,-0.75,-0.75,-1.5,-0.75,-1.5,-1.5,-0.75,-0.75,-1.5,-0.75,-1.5,-0.75,-0.75,-0.75,-0.75,-0.75,-0.75,-1.5,-1.5,-0.75,-0.75,-0.75,-0.75,-0.75,-0.75,-0.75,-1.5,-0.75,-0.75,-0.75,-0.75,-0.75,-0.75,-0.75,-1.5,-1.5,-0.75,-0.75,-1.5,-0.75,-0.75,-0.75,-0.75
3,-0.75,-0.75,-1.5,0.0,-0.75,-0.75,-0.75,-0.75,-1.5,-0.75,-0.75,-0.75,-0.75,-0.75,-0.75,-1.5,-0.75,-0.75,-1.5,-0.75,-0.75,-1.5,-0.75,-1.5,-1.5,-0.75,-0.75,-0.75,-0.75,-0.75,-0.75,-0.75,-1.5,-0.75,-1.5,-0.75,-0.75,-0.75,-0.75,-1.5,-0.75,-0.75,-1.5,-0.75,-0.75,-0.75,-0.75,-0.75,-0.75,-1.5,-0.75,-0.75,-0.75,-0.75,-0.75,-0.75,-0.75,-0.75,-0.75,-0.75,-0.75,-0.75,-0.75,-0.75,-0.75,-0.75,-0.75,-1.5,-0.75,-0.75,-0.75,-0.75,-0.75,-0.75,-0.75,-0.75,-0.75,-0.75,-1.5,-0.75,-0.75,-0.75,-0.75,-1.5,-0.75,-0.75,-1.5,-0.75,-0.75,-1.5,-1.5,-0.75,-0.75,-1.5,-0.75,-0.75,-0.75,-0.75,-1.5,-0.75
4,-0.75,-1.5,-0.75,-0.75,0.0,-0.75,-0.75,-0.75,-0.75,-1.5,-0.75,-1.5,-1.5,-0.75,-0.75,-0.75,-0.75,-1.5,-0.75,-0.75,-0.75,-0.75,-0.75,-0.75,-0.75,-1.5,-0.75,-0.75,-0.75,-0.75,-1.5,-0.75,-1.5,-0.75,-0.75,-0.75,-0.75,-0.75,-0.75,-0.75,-0.75,-1.5,-0.75,-0.75,-0.75,-1.5,-0.75,-1.5,-0.75,-0.75,-0.75,-0.75,-1.5,-0.75,-0.75,-0.75,-0.75,-0.75,-0.75,-0.75,-0.75,-0.75,-1.5,-0.75,-0.75,-0.75,-0.75,-1.5,-0.75,-0.75,-0.75,-0.75,-0.75,-0.75,-0.75,-1.5,-1.5,-0.75,-0.75,-0.75,-0.75,-0.75,-0.75,-0.75,-0.75,-0.75,-1.5,-0.75,-0.75,-1.5,-0.75,-1.5,-1.5,-0.75,-0.75,-0.75,-1.5,-1.5,-1.5,-0.75
5,-0.75,-1.5,-0.75,-1.5,-1.5,0.0,-0.75,-0.75,-0.75,-0.75,-0.75,-0.75,-0.75,-0.75,-0.75,-0.75,-0.75,-0.75,-0.75,-0.75,-0.75,-0.75,-0.75,-0.75,-0.75,-0.75,-0.75,-0.75,-0.75,-0.75,-1.5,-0.75,-0.75,-1.5,-0.75,-0.75,-0.75,-0.75,-0.75,-0.75,-0.75,-0.75,-0.75,-1.5,-0.75,-1.5,-1.5,-0.75,-0.75,-0.75,-0.75,-0.75,-0.75,-1.5,-0.75,-0.75,-0.75,-0.75,-0.75,-0.75,-0.75,-0.75,-0.75,-0.75,-0.75,-1.5,-0.75,-0.75,-0.75,-0.75,-0.75,-1.5,-0.75,-1.5,-0.75,-0.75,-1.5,-0.75,-0.75,-1.5,-1.5,-0.75,-0.75,-0.75,-0.75,-0.75,-0.75,-0.75,-0.75,-0.75,-0.75,-0.75,-0.75,-0.75,-0.75,-0.75,-0.75,-0.75,-0.75,-0.75
6,-0.75,-1.5,-0.75,-0.75,-0.75,-0.75,0.0,-0.75,-1.5,-0.75,-0.75,-0.75,-1.5,-0.75,-1.5,-0.75,-1.5,-0.75,-0.75,-0.75,-0.75,-0.75,-0.75,-0.75,-0.75,-0.75,-0.75,-0.75,-0.75,-1.5,-0.75,-0.75,-0.75,-0.75,-0.75,-0.75,-0.75,-0.75,-0.75,-0.75,-0.75,-1.5,-0.75,-1.5,-0.75,-0.75,-0.75,-0.75,-0.75,-0.75,-1.5,-0.75,-0.75,-0.75,-0.75,-0.75,-0.75,-0.75,-0.75,-1.5,-0.75,-0.75,-0.75,-0.75,-0.75,-0.75,-0.75,-0.75,-1.5,-1.5,-0.75,-0.75,-0.75,-0.75,-0.75,-0.75,-0.75,-1.5,-0.75,-0.75,-0.75,-0.75,-0.75,-0.75,-0.75,-0.75,-0.75,-0.75,-0.75,-1.5,-0.75,-0.75,-0.75,-0.75,-0.75,-0.75,-0.75,-0.75,-0.75,-0.75
7,-1.5,-1.5,-1.5,-0.75,-0.75,-0.75,-0.75,0.0,-0.75,-0.75,-1.5,-0.75,-0.75,-0.75,-1.5,-0.75,-0.75,-0.75,-0.75,-0.75,-1.5,-1.5,-0.75,-0.75,-0.75,-0.75,-1.5,-0.75,-0.75,-1.5,-0.75,-0.75,-0.75,-0.75,-0.75,-1.5,-0.75,-1.5,-1.5,-1.5,-0.75,-0.75,-0.75,-0.75,-0.75,-1.5,-0.75,-0.75,-0.75,-0.75,-0.75,-1.5,-1.5,-0.75,-0.75,-0.75,-0.75,-1.5,-0.75,-0.75,-0.75,-0.75,-0.75,-0.75,-0.75,-0.75,-0.75,-0.75,-0.75,-0.75,-1.5,-0.75,-0.75,-0.75,-0.75,-0.75,-0.75,-0.75,-1.5,-1.5,-0.75,-0.75,-0.75,-1.5,-0.75,-1.5,-0.75,-0.75,-0.75,-0.75,-0.75,-0.75,-0.75,-0.75,-0.75,-1.5,-1.5,-0.75,-0.75,-0.75
8,-0.75,-1.5,-0.75,-1.5,-0.75,-1.5,-1.5,-1.5,0.0,-0.75,-0.75,-0.75,-1.5,-0.75,-0.75,-0.75,-0.75,-1.5,-0.75,-1.5,-0.75,-0.75,-0.75,-0.75,-0.75,-1.5,-0.75,-0.75,-0.75,-0.75,-0.75,-0.75,-0.75,-1.5,-0.75,-0.75,-1.5,-0.75,-0.75,-0.75,-1.5,-0.75,-1.5,-0.75,-0.75,-0.75,-0.75,-0.75,-0.75,-0.75,-0.75,-0.75,-0.75,-0.75,-0.75,-0.75,-1.5,-0.75,-0.75,-1.5,-0.75,-0.75,-0.75,-0.75,-1.5,-0.75,-0.75,-0.75,-0.75,-0.75,-0.75,-0.75,-0.75,-0.75,-1.5,-0.75,-0.75,-0.75,-0.75,-0.75,-0.75,-0.75,-0.75,-1.5,-0.75,-1.5,-0.75,-1.5,-0.75,-0.75,-0.75,-1.5,-1.5,-0.75,-1.5,-0.75,-0.75,-1.5,-0.75,-0.75
9,-1.5,-1.5,-0.75,-0.75,-1.5,-1.5,-1.5,-1.5,-0.75,0.0,-0.75,-1.5,-0.75,-1.5,-0.75,-0.75,-0.75,-0.75,-0.75,-1.5,-0.75,-0.75,-1.5,-0.75,-0.75,-1.5,-0.75,-0.75,-0.75,-0.75,-0.75,-0.75,-1.5,-0.75,-0.75,-1.5,-0.75,-0.75,-0.75,-0.75,-1.5,-1.5,-0.75,-0.75,-0.75,-0.75,-0.75,-0.75,-0.75,-0.75,-0.75,-0.75,-0.75,-0.75,-0.75,-1.5,-0.75,-0.75,-0.75,-1.5,-0.75,-0.75,-0.75,-0.75,-0.75,-1.5,-0.75,-0.75,-0.75,-0.75,-0.75,-1.5,-0.75,-0.75,-0.75,-0.75,-0.75,-1.5,-0.75,-0.75,-0.75,-0.75,-0.75,-0.75,-1.5,-1.5,-0.75,-0.75,-0.75,-1.5,-0.75,-0.75,-0.75,-1.5,-1.5,-0.75,-0.75,-0.75,-0.75,-0.75
10,-0.75,-0.75,-0.75,-0.75,-0.75,-1.5,-1.5,-0.75,-1.5,-1.5,0.0,-0.75,-0.75,-0.75,-0.75,-0.75,-0.75,-1.5,-0.75,-1.5,-0.75,-0.75,-1.5,-0.75,-0.75,-0.75,-1.5,-0.75,-0.75,-1.5,-0.75,-0.75,-0.75,-0.75,-0.75,-1.5,-0.75,-0.75,-1.5,-0.75,-0.75,-0.75,-0.75,-0.75,-0.75,-0.75,-1.5,-1.5,-0.75,-0.75,-0.75,-0.75,-1.5,-0.75,-1.5,-0.75,-0.75,-1.5,-0.75,-0.75,-0.75,-0.75,-1.5,-0.75,-1.5,-0.75,-0.75,-0.75,-1.5,-0.75,-0.75,-0.75,-1.5,-0.75,-0.75,-0.75,-0.75,-0.75,-0.75,-1.5,-0.75,-1.5,-0.75,-0.75,-0.75,-0.75,-0.75,-0.75,-1.5,-0.75,-0.75,-1.5,-0.75,-1.5,-1.5,-0.75,-0.75,-0.75,-0.75,-0.75
11,-1.5,-0.75,-1.5,-0.75,-1.5,-0.75,-0.75,-1.5,-0.75,-1.5,-0.75,0.0,-1.5,-0.75,-0.75,-0.75,-0.75,-0.75,-0.75,-0.75,-0.75,-1.5,-0.75,-0.75,-0.75,-0.75,-0.75,-0.75,-0.75,-1.5,-0.75,-0.75,-0.75,-0.75,-0.75,-0.75,-0.75,-0.75,-0.75,-0.75,-0.75,-0.75,-0.75,-0.75,-0.75,-0.75,-0.75,-1.5,-1.5,-0.75,-0.75,-1.5,-0.75,-0.75,-0.75,-0.75,-0.75,-0.75,-0.75,-0.75,-0.75,-1.5,-0.75,-0.75,-0.75,-0.75,-0.75,-0.75,-0.75,-0.75,-0.75,-0.75,-0.75,-0.75,-1.5,-0.75,-1.5,-1.5,-0.75,-0.75,-0.75,-0.75,-0.75,-0.75,-0.75,-1.5,-0.75,-0.75,-1.5,-0.75,-0.75,-1.5,-0.75,-1.5,-0.75,-0.75,-0.75,-0.75,-0.75,-0.75
12,-0.75,-1.5,-1.5,-1.5,-1.5,-1.5,-0.75,-0.75,-0.75,-1.5,-0.75,-1.5,0.0,-0.75,-0.75,-0.75,-0.75,-0.75,-0.75,-1.5,-0.75,-0.75,-0.75,-1.5,-0.75,-0.75,-1.5,-1.5,-0.75,-0.75,-1.5,-1.5,-0.75,-0.75,-0.75,-0.75,-0.75,-1.5,-1.5,-1.5,-0.75,-0.75,-0.75,-0.75,-0.75,-0.75,-0.75,-0.75,-0.75,-0.75,-0.75,-0.75,-1.5,-0.75,-0.75,-0.75,-1.5,-0.75,-1.5,-0.75,-0.75,-0.75,-0.75,-0.75,-0.75,-0.75,-0.75,-1.5,-0.75,-0.75,-0.75,-1.5,-0.75,-0.75,-1.5,-1.5,-0.75,-0.75,-0.75,-1.5,-0.75,-0.75,-0.75,-0.75,-0.75,-0.75,-0.75,-0.75,-0.75,-0.75,-0.75,-0.75,-0.75,-0.75,-0.75,-0.75,-1.5,-0.75,-0.75,-0.75
13,-1.5,-0.75,-0.75,-0.75,-1.5,-0.75,-1.5,-1.5,-0.75,-1.5,-0.75,-0.75,-0.75,0.0,-1.5,-0.75,-0.75,-0.75,-0.75,-0.75,-0.75,-1.5,-0.75,-0.75,-1.5,-0.75,-0.75,-0.75,-0.75,-0.75,-0.75,-0.75,-0.75,-0.75,-1.5,-0.75,-0.75,-0.75,-1.5,-1.5,-0.75,-0.75,-0.75,-0.75,-0.75,-0.75,-1.5,-0.75,-0.75,-0.75,-1.5,-0.75,-0.75,-1.5,-0.75,-0.75,-0.75,-0.75,-0.75,-0.75,-0.75,-0.75,-0.75,-0.75,-0.75,-0.75,-0.75,-1.5,-0.75,-0.75,-1.5,-0.75,-0.75,-0.75,-0.75,-0.75,-0.75,-0.75,-0.75,-0.75,-0.75,-0.75,-0.75,-0.75,-0.75,-1.5,-1.5,-0.75,-0.75,-0.75,-0.75,-0.75,-0.75,-0.75,-0.75,-0.75,-0.75,-1.5,-0.75,-1.5
14,-0.75,-0.75,-0.75,-0.75,-0.75,-1.5,-0.75,-1.5,-0.75,-1.5,-0.75,-1.5,-0.75,-1.5,0.0,-1.5,-0.75,-0.75,-0.75,-0.75,-0.75,-0.75,-0.75,-0.75,-0.75,-1.5,-0.75,-1.5,-0.75,-0.75,-0.75,-0.75,-1.5,-0.75,-0.75,-0.75,-1.5,-0.75,-0.75,-0.75,-0.75,-0.75,-0.75,-0.75,-0.75,-1.5,-0.75,-0.75,-0.75,-0.75,-0.75,-0.75,-0.75,-0.75,-0.75,-0.75,-0.75,-0.75,-1.5,-0.75,-0.75,-0.75,-0.75,-0.75,-1.5,-1.5,-0.75,-1.5,-0.75,-0.75,-0.75,-1.5,-0.75,-1.5,-1.5,-0.75,-0.75,-0.75,-0.75,-0.75,-0.75,-1.5,-0.75,-1.5,-0.75,-0.75,-0.75,-0.75,-0.75,-0.75,-0.75,-0.75,-0.75,-0.75,-0.75,-0.75,-0.75,-1.5,-0.75,-0.75
15,-0.75,-0.75,-0.75,-1.5,-1.5,-0.75,-1.5,-0.75,-0.75,-1.5,-1.5,-1.5,-0.75,-1.5,-0.75,0.0,-1.5,-1.5,-1.5,-0.75,-0.75,-0.75,-0.75,-0.75,-0.75,-0.75,-0.75,-0.75,-0.75,-1.5,-1.5,-1.5,-0.75,-0.75,-0.75,-1.5,-0.75,-0.75,-0.75,-0.75,-0.75,-0.75,-0.75,-0.75,-0.75,-1.5,-0.75,-1.5,-0.75,-0.75,-0.75,-1.5,-0.75,-0.75,-0.75,-0.75,-0.75,-0.75,-0.75,-1.5,-0.75,-0.75,-0.75,-0.75,-0.75,-0.75,-0.75,-1.5,-0.75,-0.75,-0.75,-0.75,-0.75,-1.5,-0.75,-0.75,-0.75,-0.75,-0.75,-1.5,-1.5,-0.75,-0.75,-0.75,-1.5,-0.75,-0.75,-0.75,-0.75,-1.5,-1.5,-0.75,-0.75,-0.75,-0.75,-0.75,-0.75,-1.5,-0.75,-0.75
16,-0.75,-0.75,-0.75,-1.5,-1.5,-0.75,-0.75,-1.5,-1.5,-1.5,-1.5,-0.75,-1.5,-0.75,-1.5,-1.5,0.0,-0.75,-1.5,-0.75,-0.75,-0.75,-0.75,-1.5,-1.5,-0.75,-0.75,-0.75,-0.75,-0.75,-0.75,-1.5,-0.75,-0.75,-0.75,-0.75,-0.75,-0.75,-1.5,-1.5,-0.75,-0.75,-0.75,-0.75,-0.75,-0.75,-0.75,-0.75,-0.75,-0.75,-0.75,-0.75,-0.75,-0.75,-1.5,-0.75,-1.5,-0.75,-1.5,-0.75,-0.75,-1.5,-1.5,-0.75,-0.75,-0.75,-0.75,-1.5,-1.5,-1.5,-0.75,-1.5,-0.75,-0.75,-0.75,-1.5,-0.75,-0.75,-0.75,-0.75,-0.75,-0.75,-0.75,-0.75,-1.5,-0.75,-0.75,-0.75,-0.75,-0.75,-0.75,-1.5,-0.75,-0.75,-0.75,-0.75,-0.75,-1.5,-0.75,-0.75
17,-0.75,-1.5,-1.5,-1.5,-1.5,-0.75,-1.5,-1.5,-0.75,-0.75,-1.5,-1.5,-1.5,-0.75,-0.75,-1.5,-0.75,0.0,-0.75,-0.75,-0.75,-0.75,-0.75,-0.75,-0.75,-0.75,-0.75,-0.75,-0.75,-0.75,-0.75,-0.75,-0.75,-0.75,-1.5,-0.75,-1.5,-1.5,-0.75,-0.75,-0.75,-0.75,-0.75,-0.75,-1.5,-0.75,-0.75,-1.5,-0.75,-1.5,-0.75,-0.75,-0.75,-1.5,-0.75,-0.75,-0.75,-1.5,-0.75,-0.75,-0.75,-0.75,-0.75,-0.75,-0.75,-1.5,-0.75,-1.5,-0.75,-0.75,-0.75,-0.75,-1.5,-0.75,-0.75,-0.75,-0.75,-1.5,-0.75,-0.75,-0.75,-0.75,-0.75,-1.5,-0.75,-0.75,-1.5,-0.75,-0.75,-1.5,-0.75,-0.75,-0.75,-1.5,-0.75,-0.75,-0.75,-0.75,-1.5,-0.75
18,-0.75,-0.75,-0.75,-0.75,-1.5,-1.5,-0.75,-1.5,-0.75,-0.75,-1.5,-1.5,-0.75,-1.5,-0.75,-1.5,-1.5,-0.75,0.0,-0.75,-0.75,-0.75,-0.75,-0.75,-0.75,-0.75,-0.75,-0.75,-0.75,-0.75,-0.75,-0.75,-1.5,-0.75,-0.75,-0.75,-1.5,-0.75,-0.75,-1.5,-0.75,-0.75,-0.75,-0.75,-0.75,-1.5,-0.75,-0.75,-0.75,-1.5,-0.75,-1.5,-0.75,-0.75,-0.75,-1.5,-0.75,-1.5,-0.75,-1.5,-0.75,-0.75,-0.75,-1.5,-1.5,-0.75,-0.75,-0.75,-1.5,-0.75,-0.75,-1.5,-1.5,-0.75,-0.75,-1.5,-0.75,-0.75,-0.75,-1.5,-0.75,-0.75,-1.5,-0.75,-0.75,-0.75,-0.75,-0.75,-0.75,-1.5,-0.75,-0.75,-0.75,-1.5,-0.75,-0.75,-1.5,-0.75,-0.75,-1.5
19,-0.75,-0.75,-0.75,-0.75,-0.75,-1.5,-1.5,-0.75,-0.75,-1.5,-0.75,-1.5,-0.75,-1.5,-0.75,-0.75,-1.5,-0.75,-0.75,0.0,-0.75,-0.75,-0.75,-0.75,-0.75,-1.5,-1.5,-0.75,-1.5,-0.75,-0.75,-0.75,-0.75,-1.5,-0.75,-0.75,-0.75,-1.5,-0.75,-0.75,-0.75,-1.5,-0.75,-0.75,-1.5,-1.5,-0.75,-0.75,-0.75,-0.75,-1.5,-0.75,-0.75,-0.75,-0.75,-1.5,-0.75,-0.75,-0.75,-0.75,-1.5,-0.75,-0.75,-0.75,-0.75,-0.75,-0.75,-0.75,-0.75,-0.75,-0.75,-1.5,-0.75,-1.5,-0.75,-0.75,-0.75,-0.75,-0.75,-0.75,-0.75,-0.75,-1.5,-0.75,-0.75,-1.5,-0.75,-0.75,-0.75,-0.75,-0.75,-1.5,-0.75,-0.75,-1.5,-0.75,-0.75,-0.75,-0.75,-0.75
20,-0.75,-1.5,-0.75,-0.75,-1.5,-1.5,-0.75,-1.5,-0.75,-0.75,-1.5,-0.75,-0.75,-0.75,-1.5,-0.75,-0.75,-0.75,-0.75,-1.5,0.0,-1.5,-1.5,-0.75,-1.5,-1.5,-1.5,-0.75,-0.75,-0.75,-0.75,-0.75,-0.75,-0.75,-1.5,-1.5,-0.75,-0.75,-0.75,-0.75,-0.75,-0.75,-0.75,-0.75,-0.75,-1.5,-1.5,-0.75,-0.75,-0.75,-0.75,-0.75,-0.75,-0.75,-1.5,-0.75,-0.75,-0.75,-0.75,-0.75,-0.75,-0.75,-1.5,-0.75,-0.75,-1.5,-0.75,-0.75,-1.5,-0.75,-1.5,-0.75,-0.75,-1.5,-0.75,-0.75,-1.5,-0.75,-0.75,-1.5,-0.75,-0.75,-0.75,-1.5,-1.5,-0.75,-0.75,-1.5,-0.75,-0.75,-1.5,-0.75,-0.75,-1.5,-1.5,-0.75,-0.75,-0.75,-0.75,-0.75
21,-0.75,-1.5,-1.5,-0.75,-0.75,-0.75,-0.75,-0.75,-1.5,-1.5,-0.75,-1.5,-1.5,-0.75,-0.75,-0.75,-1.5,-1.5,-0.75,-1.5,-0.75,0.0,-0.75,-0.75,-0.75,-0.75,-0.75,-1.5,-0.75,-0.75,-0.75,-0.75,-0.75,-0.75,-0.75,-0.75,-1.5,-0.75,-0.75,-0.75,-1.5,-0.75,-0.75,-0.75,-0.75,-0.75,-0.75,-0.75,-0.75,-1.5,-0.75,-0.75,-0.75,-0.75,-0.75,-0.75,-0.75,-0.75,-0.75,-1.5,-0.75,-1.5,-0.75,-0.75,-0.75,-0.75,-0.75,-0.75,-0.75,-0.75,-0.75,-1.5,-0.75,-0.75,-0.75,-0.75,-0.75,-0.75,-0.75,-0.75,-0.75,-0.75,-0.75,-0.75,-1.5,-0.75,-1.5,-0.75,-1.5,-1.5,-0.75,-0.75,-0.75,-0.75,-0.75,-0.75,-0.75,-0.75,-0.75,-1.5
22,-0.75,-0.75,-1.5,-1.5,-0.75,-0.75,-0.75,-0.75,-1.5,-0.75,-1.5,-0.75,-1.5,-0.75,-1.5,-1.5,-1.5,-0.75,-1.5,-0.75,-1.5,-0.75,0.0,-0.75,-0.75,-0.75,-0.75,-0.75,-0.75,-0.75,-0.75,-1.5,-0.75,-0.75,-0.75,-0.75,-0.75,-0.75,-0.75,-0.75,-0.75,-1.5,-0.75,-0.75,-0.75,-0.75,-0.75,-1.5,-0.75,-1.5,-0.75,-0.75,-0.75,-1.5,-0.75,-0.75,-0.75,-0.75,-0.75,-0.75,-0.75,-0.75,-0.75,-1.5,-0.75,-1.5,-0.75,-1.5,-0.75,-1.5,-0.75,-0.75,-1.5,-0.75,-0.75,-0.75,-0.75,-0.75,-1.5,-0.75,-0.75,-0.75,-0.75,-0.75,-0.75,-0.75,-0.75,-0.75,-0.75,-0.75,-0.75,-0.75,-0.75,-1.5,-0.75,-1.5,-0.75,-0.75,-0.75,-0.75
23,-0.75,-1.5,-1.5,-1.5,-0.75,-0.75,-1.5,-1.5,-0.75,-1.5,-1.5,-1.5,-0.75,-0.75,-1.5,-1.5,-1.5,-0.75,-0.75,-0.75,-1.5,-0.75,-0.75,0.0,-1.5,-0.75,-0.75,-0.75,-0.75,-0.75,-1.5,-0.75,-1.5,-0.75,-1.5,-1.5,-0.75,-0.75,-1.5,-0.75,-0.75,-0.75,-0.75,-0.75,-0.75,-0.75,-1.5,-0.75,-1.5,-0.75,-0.75,-0.75,-0.75,-1.5,-0.75,-0.75,-0.75,-1.5,-0.75,-0.75,-1.5,-0.75,-0.75,-0.75,-1.5,-0.75,-0.75,-0.75,-0.75,-0.75,-0.75,-0.75,-0.75,-1.5,-1.5,-0.75,-0.75,-0.75,-0.75,-1.5,-0.75,-1.5,-0.75,-0.75,-0.75,-0.75,-1.5,-1.5,-1.5,-0.75,-0.75,-0.75,-0.75,-0.75,-0.75,-0.75,-0.75,-1.5,-1.5,-1.5
24,-0.75,-1.5,-0.75,-0.75,-0.75,-0.75,-0.75,-1.5,-1.5,-0.75,-0.75,-0.75,-0.75,-0.75,-0.75,-0.75,-0.75,-1.5,-0.75,-0.75,-0.75,-0.75,-1.5,-1.5,0.0,-0.75,-0.75,-0.75,-0.75,-0.75,-1.5,-0.75,-0.75,-1.5,-0.75,-0.75,-0.75,-0.75,-0.75,-0.75,-0.75,-0.75,-0.75,-0.75,-1.5,-0.75,-0.75,-0.75,-0.75,-1.5,-0.75,-0.75,-0.75,-1.5,-0.75,-0.75,-0.75,-0.75,-0.75,-1.5,-1.5,-0.75,-0.75,-0.75,-0.75,-1.5,-0.75,-0.75,-0.75,-1.5,-0.75,-0.75,-0.75,-0.75,-0.75,-0.75,-0.75,-0.75,-0.75,-0.75,-1.5,-0.75,-0.75,-0.75,-0.75,-0.75,-0.75,-0.75,-0.75,-0.75,-1.5,-0.75,-0.75,-1.5,-0.75,-0.75,-1.5,-0.75,-0.75,-1.5
25,-0.75,-0.75,-0.75,-0.75,-0.75,-1.5,-0.75,-1.5,-1.5,-0.75,-0.75,-0.75,-1.5,-1.5,-1.5,-0.75,-0.75,-0.75,-1.5,-1.5,-1.5,-0.75,-0.75,-0.75,-0.75,0.0,-0.75,-0.75,-0.75,-0.75,-0.75,-1.5,-1.5,-0.75,-0.75,-0.75,-0.75,-0.75,-0.75,-0.75,-0.75,-0.75,-1.5,-0.75,-0.75,-0.75,-0.75,-1.5,-0.75,-0.75,-0.75,-1.5,-0.75,-0.75,-1.5,-0.75,-0.75,-0.75,-0.75,-0.75,-0.75,-0.75,-0.75,-1.5,-1.5,-0.75,-0.75,-0.75,-0.75,-0.75,-1.5,-0.75,-0.75,-0.75,-1.5,-0.75,-0.75,-0.75,-0.75,-0.75,-1.5,-0.75,-0.75,-0.75,-0.75,-0.75,-0.75,-0.75,-0.75,-0.75,-1.5,-1.5,-0.75,-0.75,-0.75,-1.5,-0.75,-0.75,-0.75,-0.75
26,-1.5,-1.5,-0.75,-1.5,-0.75,-0.75,-0.75,-0.75,-1.5,-1.5,-1.5,-1.5,-1.5,-0.75,-1.5,-0.75,-0.75,-0.75,-0.75,-1.5,-0.75,-0.75,-0.75,-0.75,-0.75,-0.75,0.0,-0.75,-0.75,-0.75,-1.5,-0.75,-0.75,-0.75,-1.5,-0.75,-1.5,-0.75,-1.5,-1.5,-0.75,-0.75,-1.5,-0.75,-0.75,-1.5,-0.75,-0.75,-0.75,-0.75,-0.75,-1.5,-0.75,-0.75,-0.75,-0.75,-0.75,-1.5,-0.75,-0.75,-1.5,-0.75,-0.75,-1.5,-0.75,-1.5,-1.5,-0.75,-0.75,-0.75,-0.75,-1.5,-0.75,-1.5,-0.75,-0.75,-0.75,-0.75,-0.75,-0.75,-0.75,-1.5,-0.75,-0.75,-0.75,-1.5,-0.75,-0.75,-0.75,-0.75,-1.5,-0.75,-0.75,-0.75,-0.75,-0.75,-1.5,-0.75,-0.75,-0.75
27,-1.5,-0.75,-1.5,-1.5,-0.75,-0.75,-1.5,-1.5,-1.5,-1.5,-1.5,-0.75,-0.75,-0.75,-0.75,-1.5,-0.75,-0.75,-0.75,-0.75,-0.75,-1.5,-1.5,-0.75,-0.75,-0.75,-0.75,0.0,-0.75,-0.75,-1.5,-0.75,-1.5,-0.75,-0.75,-0.75,-1.5,-0.75,-0.75,-0.75,-0.75,-0.75,-0.75,-0.75,-0.75,-0.75,-0.75,-0.75,-0.75,-0.75,-1.5,-0.75,-0.75,-1.5,-0.75,-0.75,-1.5,-1.5,-0.75,-0.75,-0.75,-0.75,-1.5,-0.75,-0.75,-0.75,-0.75,-0.75,-0.75,-0.75,-0.75,-1.5,-0.75,-0.75,-0.75,-1.5,-0.75,-0.75,-0.75,-0.75,-0.75,-0.75,-0.75,-0.75,-0.75,-0.75,-1.5,-0.75,-0.75,-0.75,-0.75,-0.75,-0.75,-0.75,-0.75,-0.75,-0.75,-0.75,-0.75,-0.75
28,-0.75,-0.75,-1.5,-0.75,-0.75,-0.75,-0.75,-0.75,-1.5,-0.75,-1.5,-0.75,-1.5,-0.75,-0.75,-0.75,-0.75,-0.75,-1.5,-0.75,-1.5,-0.75,-1.5,-1.5,-0.75,-0.75,-1.5,-1.5,0.0,-1.5,-0.75,-0.75,-0.75,-1.5,-0.75,-0.75,-0.75,-0.75,-0.75,-0.75,-0.75,-1.5,-0.75,-0.75,-0.75,-1.5,-0.75,-0.75,-0.75,-0.75,-0.75,-1.5,-0.75,-0.75,-0.75,-0.75,-0.75,-0.75,-1.5,-1.5,-1.5,-0.75,-0.75,-0.75,-0.75,-0.75,-0.75,-0.75,-0.75,-0.75,-0.75,-0.75,-0.75,-1.5,-0.75,-0.75,-0.75,-1.5,-0.75,-0.75,-1.5,-0.75,-1.5,-0.75,-1.5,-0.75,-0.75,-0.75,-0.75,-0.75,-0.75,-0.75,-0.75,-1.5,-0.75,-0.75,-0.75,-0.75,-0.75,-0.75
29,-1.5,-0.75,-1.5,-0.75,-0.75,-0.75,-1.5,-1.5,-1.5,-1.5,-0.75,-0.75,-0.75,-1.5,-1.5,-0.75,-0.75,-0.75,-1.5,-0.75,-1.5,-0.75,-0.75,-1.5,-0.75,-1.5,-1.5,-0.75,-0.75,0.0,-0.75,-0.75,-0.75,-0.75,-0.75,-0.75,-1.5,-0.75,-1.5,-1.5,-0.75,-0.75,-0.75,-1.5,-0.75,-1.5,-0.75,-0.75,-0.75,-0.75,-0.75,-1.5,-0.75,-0.75,-1.5,-0.75,-0.75,-0.75,-0.75,-1.5,-1.5,-0.75,-0.75,-0.75,-0.75,-0.75,-0.75,-0.75,-1.5,-1.5,-0.75,-0.75,-1.5,-0.75,-0.75,-0.75,-0.75,-1.5,-0.75,-0.75,-0.75,-1.5,-1.5,-0.75,-0.75,-0.75,-0.75,-0.75,-1.5,-0.75,-0.75,-1.5,-1.5,-0.75,-0.75,-0.75,-0.75,-0.75,-0.75,-0.75
30,-1.5,-0.75,-0.75,-0.75,-0.75,-1.5,-0.75,-1.5,-1.5,-1.5,-0.75,-1.5,-0.75,-0.75,-0.75,-0.75,-1.5,-1.5,-0.75,-0.75,-0.75,-1.5,-0.75,-1.5,-1.5,-0.75,-1.5,-1.5,-1.5,-0.75,0.0,-1.5,-1.5,-1.5,-0.75,-1.5,-0.75,-0.75,-0.75,-0.75,-0.75,-0.75,-1.5,-0.75,-0.75,-0.75,-0.75,-0.75,-1.5,-0.75,-1.5,-0.75,-0.75,-0.75,-0.75,-0.75,-1.5,-0.75,-0.75,-0.75,-1.5,-0.75,-1.5,-0.75,-0.75,-0.75,-0.75,-0.75,-0.75,-0.75,-0.75,-0.75,-1.5,-0.75,-0.75,-0.75,-0.75,-0.75,-1.5,-0.75,-0.75,-0.75,-0.75,-1.5,-0.75,-0.75,-1.5,-0.75,-0.75,-0.75,-0.75,-0.75,-1.5,-0.75,-0.75,-1.5,-1.5,-1.5,-0.75,-0.75
31,-0.75,-1.5,-1.5,-0.75,-1.5,-1.5,-1.5,-0.75,-1.5,-0.75,-0.75,-1.5,-0.75,-1.5,-0.75,-0.75,-0.75,-1.5,-0.75,-1.5,-1.5,-0.75,-1.5,-0.75,-1.5,-1.5,-0.75,-1.5,-0.75,-0.75,-0.75,0.0,-1.5,-0.75,-0.75,-1.5,-0.75,-0.75,-0.75,-0.75,-0.75,-0.75,-0.75,-1.5,-0.75,-0.75,-0.75,-0.75,-0.75,-1.5,-0.75,-0.75,-1.5,-0.75,-0.75,-0.75,-0.75,-0.75,-1.5,-0.75,-0.75,-0.75,-0.75,-0.75,-0.75,-0.75,-1.5,-0.75,-1.5,-0.75,-0.75,-1.5,-1.5,-1.5,-1.5,-0.75,-1.5,-0.75,-0.75,-0.75,-0.75,-0.75,-0.75,-1.5,-0.75,-0.75,-0.75,-0.75,-0.75,-0.75,-0.75,-0.75,-0.75,-0.75,-0.75,-0.75,-0.75,-1.5,-0.75,-0.75
32,-1.5,-0.75,-1.5,-1.5,-1.5,-1.5,-0.75,-1.5,-1.5,-1.5,-0.75,-0.75,-1.5,-1.5,-1.5,-0.75,-0.75,-1.5,-1.5,-0.75,-1.5,-0.75,-0.75,-0.75,-0.75,-1.5,-0.75,-0.75,-0.75,-1.5,-1.5,-1.5,0.0,-0.75,-0.75,-0.75,-0.75,-1.5,-1.5,-1.5,-1.5,-0.75,-0.75,-1.5,-1.5,-1.5,-0.75,-0.75,-1.5,-0.75,-0.75,-0.75,-0.75,-0.75,-0.75,-1.5,-0.75,-0.75,-0.75,-0.75,-0.75,-1.5,-0.75,-1.5,-0.75,-0.75,-1.5,-0.75,-1.5,-1.5,-1.5,-0.75,-0.75,-0.75,-1.5,-0.75,-1.5,-0.75,-0.75,-0.75,-0.75,-0.75,-0.75,-0.75,-0.75,-0.75,-0.75,-0.75,-1.5,-1.5,-0.75,-0.75,-0.75,-0.75,-0.75,-0.75,-0.75,-0.75,-0.75,-1.5
33,-0.75,-1.5,-0.75,-0.75,-1.5,-1.5,-1.5,-1.5,-1.5,-1.5,-0.75,-1.5,-0.75,-1.5,-1.5,-0.75,-1.5,-0.75,-0.75,-0.75,-1.5,-1.5,-0.75,-0.75,-0.75,-0.75,-0.75,-0.75,-0.75,-1.5,-0.75,-0.75,-1.5,0.0,-0.75,-0.75,-0.75,-0.75,-0.75,-1.5,-0.75,-0.75,-0.75,-0.75,-0.75,-0.75,-0.75,-0.75,-0.75,-0.75,-0.75,-0.75,-0.75,-0.75,-0.75,-0.75,-0.75,-0.75,-0.75,-0.75,-0.75,-0.75,-0.75,-0.75,-0.75,-0.75,-0.75,-0.75,-0.75,-0.75,-1.5,-0.75,-0.75,-0.75,-1.5,-0.75,-0.75,-0.75,-0.75,-1.5,-0.75,-0.75,-0.75,-0.75,-0.75,-0.75,-0.75,-0.75,-0.75,-1.5,-0.75,-0.75,-1.5,-0.75,-0.75,-0.75,-1.5,-0.75,-0.75,-0.75
34,-1.5,-1.5,-1.5,-1.5,-1.5,-0.75,-1.5,-1.5,-1.5,-0.75,-0.75,-1.5,-0.75,-1.5,-1.5,-0.75,-1.5,-0.75,-0.75,-0.75,-1.5,-1.5,-0.75,-1.5,-1.5,-1.5,-0.75,-0.75,-0.75,-0.75,-0.75,-1.5,-0.75,-0.75,0.0,-0.75,-1.5,-0.75,-0.75,-0.75,-0.75,-0.75,-0.75,-1.5,-1.5,-0.75,-0.75,-0.75,-1.5,-0.75,-0.75,-0.75,-0.75,-0.75,-0.75,-0.75,-0.75,-0.75,-0.75,-1.5,-1.5,-1.5,-0.75,-1.5,-1.5,-0.75,-1.5,-0.75,-0.75,-0.75,-1.5,-1.5,-0.75,-0.75,-0.75,-0.75,-1.5,-0.75,-1.5,-0.75,-1.5,-0.75,-1.5,-0.75,-0.75,-0.75,-0.75,-1.5,-0.75,-1.5,-0.75,-0.75,-1.5,-0.75,-0.75,-0.75,-1.5,-0.75,-0.75,-0.75
35,-0.75,-1.5,-1.5,-0.75,-0.75,-1.5,-0.75,-1.5,-0.75,-1.5,-0.75,-1.5,-0.75,-1.5,-1.5,-1.5,-0.75,-1.5,-0.75,-1.5,-1.5,-1.5,-0.75,-1.5,-0.75,-1.5,-0.75,-1.5,-0.75,-0.75,-0.75,-0.75,-1.5,-0.75,-1.5,0.0,-0.75,-1.5,-0.75,-0.75,-0.75,-0.75,-0.75,-0.75,-0.75,-0.75,-0.75,-1.5,-0.75,-0.75,-0.75,-0.75,-1.5,-0.75,-0.75,-0.75,-1.5,-0.75,-1.5,-1.5,-1.5,-0.75,-0.75,-1.5,-0.75,-0.75,-1.5,-0.75,-0.75,-1.5,-1.5,-0.75,-0.75,-0.75,-0.75,-1.5,-1.5,-0.75,-0.75,-0.75,-1.5,-0.75,-0.75,-0.75,-0.75,-0.75,-0.75,-0.75,-1.5,-0.75,-1.5,-0.75,-0.75,-0.75,-0.75,-0.75,-1.5,-0.75,-0.75,-0.75
36,-1.5,-1.5,-1.5,-1.5,-0.75,-1.5,-0.75,-1.5,-0.75,-1.5,-1.5,-1.5,-0.75,-1.5,-1.5,-1.5,-0.75,-0.75,-0.75,-1.5,-1.5,-1.5,-0.75,-1.5,-1.5,-1.5,-1.5,-1.5,-0.75,-1.5,-1.5,-0.75,-1.5,-0.75,-0.75,-0.75,0.0,-0.75,-0.75,-1.5,-0.75,-0.75,-1.5,-1.5,-0.75,-0.75,-0.75,-0.75,-0.75,-1.5,-1.5,-1.5,-0.75,-0.75,-0.75,-0.75,-0.75,-0.75,-0.75,-0.75,-0.75,-0.75,-0.75,-0.75,-0.75,-1.5,-1.5,-0.75,-0.75,-0.75,-0.75,-0.75,-0.75,-0.75,-0.75,-0.75,-1.5,-0.75,-0.75,-0.75,-0.75,-0.75,-1.5,-1.5,-0.75,-0.75,-1.5,-0.75,-0.75,-1.5,-1.5,-0.75,-0.75,-1.5,-0.75,-0.75,-0.75,-0.75,-0.75,-0.75
37,-1.5,-0.75,-0.75,-0.75,-0.75,-0.75,-1.5,-0.75,-0.75,-0.75,-1.5,-0.75,-0.75,-0.75,-1.5,-0.75,-0.75,-0.75,-0.75,-1.5,-0.75,-1.5,-0.75,-1.5,-0.75,-1.5,-1.5,-0.75,-0.75,-1.5,-1.5,-1.5,-1.5,-1.5,-0.75,-0.75,-1.5,0.0,-0.75,-0.75,-0.75,-0.75,-0.75,-0.75,-0.75,-1.5,-0.75,-0.75,-0.75,-0.75,-0.75,-0.75,-0.75,-0.75,-0.75,-0.75,-0.75,-0.75,-0.75,-0.75,-0.75,-0.75,-0.75,-1.5,-0.75,-0.75,-1.5,-0.75,-0.75,-1.5,-1.5,-0.75,-0.75,-0.75,-0.75,-0.75,-0.75,-0.75,-0.75,-0.75,-0.75,-0.75,-0.75,-0.75,-0.75,-0.75,-1.5,-0.75,-0.75,-1.5,-0.75,-1.5,-0.75,-0.75,-0.75,-1.5,-0.75,-0.75,-1.5,-0.75
38,-1.5,-0.75,-0.75,-1.5,-0.75,-1.5,-1.5,-1.5,-0.75,-1.5,-1.5,-0.75,-1.5,-1.5,-0.75,-1.5,-1.5,-1.5,-0.75,-0.75,-1.5,-1.5,-0.75,-1.5,-0.75,-0.75,-0.75,-1.5,-1.5,-1.5,-0.75,-1.5,-1.5,-1.5,-0.75,-1.5,-1.5,-1.5,0.0,-0.75,-0.75,-1.5,-0.75,-0.75,-1.5,-0.75,-1.5,-1.5,-0.75,-1.5,-0.75,-1.5,-0.75,-0.75,-1.5,-1.5,-1.5,-0.75,-0.75,-1.5,-0.75,-1.5,-0.75,-0.75,-1.5,-0.75,-1.5,-0.75,-0.75,-1.5,-0.75,-1.5,-0.75,-1.5,-1.5,-0.75,-1.5,-0.75,-0.75,-0.75,-0.75,-0.75,-0.75,-0.75,-1.5,-1.5,-0.75,-0.75,-0.75,-0.75,-0.75,-0.75,-0.75,-0.75,-0.75,-0.75,-0.75,-0.75,-0.75,-1.5
39,-0.75,-0.75,-1.5,-0.75,-0.75,-0.75,-0.75,-0.75,-0.75,-1.5,-1.5,-1.5,-1.5,-1.5,-1.5,-0.75,-1.5,-1.5,-1.5,-1.5,-1.5,-1.5,-0.75,-1.5,-0.75,-1.5,-1.5,-0.75,-1.5,-1.5,-1.5,-1.5,-0.75,-1.5,-1.5,-0.75,-1.5,-0.75,-0.75,0.0,-1.5,-0.75,-0.75,-0.75,-0.75,-0.75,-0.75,-1.5,-1.5,-0.75,-0.75,-0.75,-0.75,-0.75,-0.75,-0.75,-0.75,-1.5,-0.75,-1.5,-0.75,-0.75,-0.75,-0.75,-1.5,-0.75,-1.5,-0.75,-1.5,-0.75,-0.75,-0.75,-0.75,-0.75,-0.75,-1.5,-0.75,-0.75,-1.5,-1.5,-0.75,-0.75,-0.75,-0.75,-0.75,-0.75,-0.75,-0.75,-0.75,-1.5,-0.75,-0.75,-0.75,-0.75,-0.75,-0.75,-0.75,-0.75,-0.75,-0.75
40,-0.75,-1.5,-0.75,-1.5,-0.75,-0.75,-1.5,-1.5,-1.5,-0.75,-1.5,-0.75,-0.75,-0.75,-1.5,-0.75,-0.75,-0.75,-0.75,-1.5,-1.5,-1.5,-0.75,-0.75,-0.75,-1.5,-0.75,-0.75,-1.5,-1.5,-0.75,-0.75,-1.5,-1.5,-0.75,-1.5,-1.5,-1.5,-0.75,-0.75,0.0,-0.75,-0.75,-0.75,-1.5,-0.75,-0.75,-0.75,-1.5,-0.75,-0.75,-0.75,-0.75,-0.75,-0.75,-0.75,-0.75,-0.75,-0.75,-0.75,-0.75,-0.75,-0.75,-0.75,-0.75,-1.5,-1.5,-1.5,-0.75,-0.75,-1.5,-0.75,-1.5,-0.75,-1.5,-0.75,-0.75,-1.5,-0.75,-0.75,-1.5,-0.75,-0.75,-0.75,-0.75,-0.75,-1.5,-0.75,-1.5,-0.75,-0.75,-0.75,-0.75,-1.5,-1.5,-0.75,-0.75,-0.75,-0.75,-0.75
41,-1.5,-0.75,-0.75,-1.5,-1.5,-1.5,-1.5,-0.75,-0.75,-0.75,-0.75,-1.5,-1.5,-0.75,-0.75,-1.5,-0.75,-1.5,-1.5,-0.75,-0.75,-1.5,-1.5,-1.5,-0.75,-0.75,-1.5,-1.5,-0.75,-1.5,-0.75,-0.75,-0.75,-1.5,-0.75,-1.5,-0.75,-0.75,-0.75,-1.5,-1.5,0.0,-1.5,-0.75,-0.75,-0.75,-1.5,-0.75,-0.75,-0.75,-0.75,-1.5,-0.75,-0.75,-0.75,-0.75,-0.75,-0.75,-0.75,-0.75,-1.5,-0.75,-0.75,-0.75,-0.75,-0.75,-0.75,-0.75,-0.75,-0.75,-0.75,-0.75,-1.5,-0.75,-0.75,-0.75,-1.5,-1.5,-0.75,-0.75,-0.75,-0.75,-0.75,-0.75,-1.5,-1.5,-0.75,-0.75,-0.75,-0.75,-0.75,-0.75,-0.75,-0.75,-0.75,-0.75,-0.75,-0.75,-0.75,-1.5
42,-0.75,-1.5,-0.75,-1.5,-1.5,-0.75,-1.5,-0.75,-0.75,-0.75,-1.5,-0.75,-0.75,-0.75,-1.5,-0.75,-1.5,-0.75,-1.5,-0.75,-1.5,-0.75,-1.5,-0.75,-0.75,-1.5,-0.75,-0.75,-0.75,-0.75,-0.75,-0.75,-0.75,-0.75,-0.75,-0.75,-0.75,-1.5,-0.75,-0.75,-0.75,-0.75,0.0,-0.75,-1.5,-1.5,-0.75,-0.75,-0.75,-0.75,-0.75,-0.75,-0.75,-0.75,-0.75,-0.75,-1.5,-0.75,-0.75,-0.75,-1.5,-0.75,-0.75,-1.5,-0.75,-0.75,-0.75,-0.75,-1.5,-0.75,-1.5,-0.75,-0.75,-0.75,-0.75,-0.75,-1.5,-0.75,-1.5,-0.75,-0.75,-1.5,-1.5,-1.5,-0.75,-1.5,-1.5,-1.5,-1.5,-0.75,-0.75,-0.75,-0.75,-0.75,-0.75,-0.75,-0.75,-0.75,-1.5,-1.5
43,-1.5,-1.5,-1.5,-0.75,-1.5,-1.5,-0.75,-1.5,-0.75,-0.75,-0.75,-1.5,-1.5,-1.5,-0.75,-1.5,-0.75,-0.75,-0.75,-1.5,-1.5,-1.5,-0.75,-0.75,-0.75,-1.5,-1.5,-0.75,-1.5,-0.75,-1.5,-1.5,-0.75,-1.5,-0.75,-0.75,-1.5,-0.75,-0.75,-1.5,-1.5,-0.75,-0.75,0.0,-0.75,-0.75,-0.75,-0.75,-0.75,-0.75,-0.75,-0.75,-0.75,-0.75,-0.75,-0.75,-1.5,-1.5,-1.5,-1.5,-1.5,-0.75,-1.5,-0.75,-0.75,-0.75,-0.75,-1.5,-1.5,-0.75,-0.75,-0.75,-0.75,-0.75,-0.75,-0.75,-0.75,-0.75,-1.5,-0.75,-0.75,-0.75,-0.75,-1.5,-0.75,-1.5,-0.75,-0.75,-0.75,-0.75,-0.75,-1.5,-0.75,-0.75,-0.75,-1.5,-0.75,-0.75,-0.75,-1.5
44,-0.75,-1.5,-0.75,-0.75,-0.75,-0.75,-1.5,-0.75,-1.5,-1.5,-0.75,-1.5,-0.75,-0.75,-0.75,-1.5,-1.5,-1.5,-0.75,-1.5,-1.5,-0.75,-1.5,-1.5,-1.5,-1.5,-1.5,-0.75,-1.5,-0.75,-0.75,-0.75,-0.75,-0.75,-1.5,-1.5,-1.5,-0.75,-1.5,-0.75,-0.75,-1.5,-0.75,-0.75,0.0,-1.5,-0.75,-0.75,-1.5,-0.75,-1.5,-0.75,-0.75,-0.75,-1.5,-0.75,-0.75,-0.75,-0.75,-1.5,-0.75,-0.75,-0.75,-0.75,-0.75,-0.75,-1.5,-0.75,-0.75,-0.75,-0.75,-0.75,-0.75,-0.75,-1.5,-1.5,-0.75,-0.75,-1.5,-0.75,-1.5,-0.75,-0.75,-0.75,-0.75,-0.75,-0.75,-0.75,-0.75,-0.75,-0.75,-0.75,-0.75,-0.75,-1.5,-0.75,-1.5,-0.75,-0.75,-0.75
45,-1.5,-1.5,-1.5,-1.5,-1.5,-0.75,-1.5,-0.75,-1.5,-0.75,-1.5,-0.75,-1.5,-1.5,-1.5,-0.75,-0.75,-0.75,-0.75,-1.5,-1.5,-0.75,-1.5,-1.5,-1.5,-0.75,-1.5,-1.5,-0.75,-1.5,-0.75,-0.75,-0.75,-1.5,-1.5,-0.75,-1.5,-0.75,-1.5,-1.5,-1.5,-1.5,-0.75,-1.5,-1.5,0.0,-0.75,-0.75,-0.75,-0.75,-0.75,-1.5,-0.75,-0.75,-0.75,-0.75,-1.5,-0.75,-0.75,-0.75,-0.75,-0.75,-0.75,-0.75,-0.75,-0.75,-0.75,-0.75,-0.75,-0.75,-0.75,-0.75,-0.75,-1.5,-0.75,-1.5,-0.75,-0.75,-0.75,-1.5,-0.75,-0.75,-0.75,-0.75,-0.75,-0.75,-1.5,-1.5,-0.75,-0.75,-0.75,-1.5,-0.75,-0.75,-0.75,-0.75,-0.75,-0.75,-0.75,-0.75
46,-0.75,-0.75,-0.75,-0.75,-1.5,-1.5,-0.75,-0.75,-1.5,-0.75,-1.5,-1.5,-1.5,-1.5,-0.75,-0.75,-0.75,-1.5,-0.75,-0.75,-1.5,-1.5,-0.75,-1.5,-1.5,-0.75,-0.75,-1.5,-0.75,-0.75,-0.75,-1.5,-0.75,-1.5,-0.75,-0.75,-0.75,-0.75,-1.5,-0.75,-1.5,-0.75,-1.5,-0.75,-1.5,-0.75,0.0,-0.75,-0.75,-0.75,-0.75,-0.75,-1.5,-0.75,-0.75,-0.75,-0.75,-0.75,-0.75,-0.75,-0.75,-0.75,-1.5,-1.5,-0.75,-0.75,-0.75,-0.75,-0.75,-1.5,-1.5,-1.5,-0.75,-0.75,-0.75,-0.75,-1.5,-1.5,-0.75,-0.75,-1.5,-0.75,-0.75,-0.75,-0.75,-1.5,-0.75,-0.75,-0.75,-0.75,-0.75,-0.75,-0.75,-0.75,-0.75,-0.75,-1.5,-0.75,-0.75,-0.75
47,-1.5,-0.75,-0.75,-0.75,-1.5,-0.75,-0.75,-1.5,-1.5,-1.5,-0.75,-0.75,-0.75,-1.5,-0.75,-1.5,-1.5,-1.5,-1.5,-0.75,-0.75,-0.75,-0.75,-0.75,-0.75,-1.5,-0.75,-1.5,-1.5,-1.5,-0.75,-0.75,-1.5,-1.5,-0.75,-0.75,-1.5,-0.75,-0.75,-0.75,-1.5,-0.75,-1.5,-0.75,-0.75,-1.5,-1.5,0.0,-0.75,-0.75,-0.75,-1.5,-0.75,-0.75,-0.75,-0.75,-0.75,-1.5,-1.5,-0.75,-0.75,-1.5,-0.75,-0.75,-0.75,-0.75,-0.75,-0.75,-0.75,-1.5,-0.75,-0.75,-1.5,-0.75,-0.75,-0.75,-0.75,-0.75,-1.5,-0.75,-0.75,-0.75,-0.75,-1.5,-0.75,-0.75,-0.75,-0.75,-0.75,-0.75,-1.5,-0.75,-1.5,-0.75,-0.75,-1.5,-1.5,-1.5,-0.75,-0.75
48,-0.75,-0.75,-0.75,-0.75,-0.75,-0.75,-0.75,-1.5,-1.5,-0.75,-1.5,-0.75,-0.75,-0.75,-1.5,-0.75,-0.75,-1.5,-1.5,-1.5,-1.5,-1.5,-0.75,-0.75,-0.75,-0.75,-0.75,-0.75,-1.5,-0.75,-0.75,-1.5,-0.75,-0.75,-1.5,-1.5,-1.5,-0.75,-1.5,-1.5,-1.5,-0.75,-0.75,-0.75,-1.5,-0.75,-0.75,-1.5,0.0,-0.75,-0.75,-0.75,-0.75,-0.75,-0.75,-0.75,-0.75,-0.75,-0.75,-1.5,-0.75,-0.75,-0.75,-0.75,-0.75,-0.75,-0.75,-0.75,-0.75,-0.75,-0.75,-1.5,-0.75,-0.75,-0.75,-1.5,-1.5,-1.5,-0.75,-0.75,-1.5,-0.75,-0.75,-1.5,-0.75,-1.5,-0.75,-0.75,-1.5,-0.75,-0.75,-1.5,-0.75,-0.75,-0.75,-0.75,-0.75,-0.75,-0.75,-1.5
49,-1.5,-0.75,-1.5,-0.75,-0.75,-0.75,-1.5,-0.75,-0.75,-0.75,-1.5,-1.5,-0.75,-1.5,-1.5,-0.75,-0.75,-0.75,-0.75,-1.5,-1.5,-0.75,-0.75,-0.75,-1.5,-0.75,-1.5,-0.75,-1.5,-1.5,-1.5,-1.5,-1.5,-0.75,-1.5,-0.75,-0.75,-1.5,-0.75,-1.5,-1.5,-1.5,-0.75,-0.75,-0.75,-0.75,-0.75,-1.5,-0.75,0.0,-0.75,-1.5,-0.75,-0.75,-0.75,-0.75,-0.75,-0.75,-0.75,-0.75,-0.75,-0.75,-0.75,-1.5,-0.75,-1.5,-0.75,-1.5,-0.75,-0.75,-0.75,-0.75,-0.75,-0.75,-0.75,-1.5,-0.75,-1.5,-1.5,-0.75,-0.75,-0.75,-1.5,-0.75,-0.75,-1.5,-0.75,-0.75,-0.75,-0.75,-0.75,-1.5,-0.75,-0.75,-0.75,-0.75,-0.75,-0.75,-0.75,-0.75
50,-1.5,-1.5,-0.75,-1.5,-1.5,-0.75,-1.5,-0.75,-0.75,-1.5,-0.75,-1.5,-0.75,-0.75,-1.5,-0.75,-1.5,-1.5,-1.5,-1.5,-0.75,-0.75,-1.5,-1.5,-0.75,-0.75,-0.75,-1.5,-0.75,-0.75,-0.75,-1.5,-1.5,-1.5,-0.75,-0.75,-0.75,-0.75,-1.5,-0.75,-1.5,-1.5,-0.75,-1.5,-0.75,-1.5,-0.75,-1.5,-0.75,-0.75,0.0,-0.75,-0.75,-0.75,-1.5,-0.75,-0.75,-0.75,-0.75,-1.5,-0.75,-0.75,-0.75,-0.75,-1.5,-1.5,-0.75,-0.75,-0.75,-0.75,-1.5,-0.75,-1.5,-1.5,-0.75,-0.75,-1.5,-0.75,-0.75,-0.75,-0.75,-1.5,-0.75,-0.75,-0.75,-0.75,-0.75,-0.75,-1.5,-0.75,-0.75,-0.75,-0.75,-1.5,-0.75,-0.75,-1.5,-0.75,-1.5,-0.75
51,-0.75,-0.75,-1.5,-0.75,-0.75,-1.5,-1.5,-0.75,-0.75,-0.75,-1.5,-1.5,-0.75,-1.5,-0.75,-0.75,-0.75,-0.75,-1.5,-1.5,-0.75,-0.75,-0.75,-0.75,-0.75,-0.75,-0.75,-1.5,-0.75,-1.5,-1.5,-1.5,-1.5,-0.75,-0.75,-0.75,-1.5,-0.75,-1.5,-1.5,-1.5,-0.75,-0.75,-0.75,-0.75,-1.5,-0.75,-0.75,-0.75,-1.5,-0.75,0.0,-0.75,-1.5,-0.75,-0.75,-0.75,-1.5,-0.75,-0.75,-0.75,-0.75,-1.5,-1.5,-0.75,-1.5,-1.5,-0.75,-0.75,-0.75,-0.75,-0.75,-0.75,-0.75,-0.75,-0.75,-1.5,-0.75,-1.5,-0.75,-1.5,-0.75,-1.5,-0.75,-0.75,-1.5,-0.75,-0.75,-0.75,-0.75,-1.5,-0.75,-0.75,-0.75,-0.75,-0.75,-0.75,-1.5,-0.75,-0.75
52,-1.5,-1.5,-0.75,-0.75,-1.5,-0.75,-0.75,-1.5,-1.5,-0.75,-0.75,-0.75,-0.75,-0.75,-0.75,-1.5,-0.75,-0.75,-1.5,-1.5,-0.75,-1.5,-0.75,-0.75,-1.5,-0.75,-1.5,-0.75,-0.75,-1.5,-0.75,-1.5,-0.75,-0.75,-0.75,-0.75,-1.5,-0.75,-1.5,-0.75,-1.5,-1.5,-1.5,-1.5,-0.75,-1.5,-0.75,-1.5,-0.75,-1.5,-0.75,-1.5,0.0,-0.75,-0.75,-0.75,-0.75,-1.5,-0.75,-0.75,-1.5,-1.5,-1.5,-1.5,-1.5,-1.5,-0.75,-0.75,-0.75,-1.5,-0.75,-0.75,-0.75,-0.75,-0.75,-0.75,-0.75,-0.75,-0.75,-0.75,-1.5,-0.75,-0.75,-1.5,-0.75,-1.5,-0.75,-0.75,-0.75,-0.75,-1.5,-0.75,-0.75,-0.75,-0.75,-1.5,-0.75,-0.75,-0.75,-0.75
53,-1.5,-1.5,-1.5,-0.75,-1.5,-1.5,-1.5,-0.75,-1.5,-1.5,-0.75,-1.5,-0.75,-0.75,-1.5,-0.75,-1.5,-0.75,-1.5,-1.5,-0.75,-1.5,-1.5,-1.5,-1.5,-1.5,-1.5,-1.5,-0.75,-1.5,-1.5,-1.5,-0.75,-1.5,-1.5,-0.75,-1.5,-1.5,-0.75,-0.75,-0.75,-1.5,-1.5,-0.75,-0.75,-0.75,-1.5,-1.5,-0.75,-1.5,-1.5,-0.75,-0.75,0.0,-0.75,-0.75,-0.75,-0.75,-0.75,-1.5,-0.75,-0.75,-0.75,-1.5,-0.75,-0.75,-0.75,-0.75,-0.75,-0.75,-0.75,-0.75,-1.5,-0.75,-0.75,-0.75,-0.75,-0.75,-0.75,-1.5,-0.75,-0.75,-0.75,-1.5,-0.75,-0.75,-0.75,-1.5,-1.5,-0.75,-0.75,-0.75,-0.75,-0.75,-1.5,-1.5,-0.75,-1.5,-0.75,-1.5
54,-0.75,-0.75,-1.5,-0.75,-1.5,-0.75,-1.5,-0.75,-0.75,-1.5,-1.5,-1.5,-1.5,-1.5,-1.5,-1.5,-1.5,-0.75,-1.5,-1.5,-0.75,-1.5,-0.75,-0.75,-0.75,-0.75,-0.75,-1.5,-1.5,-0.75,-1.5,-1.5,-0.75,-0.75,-1.5,-0.75,-0.75,-1.5,-0.75,-0.75,-1.5,-0.75,-0.75,-1.5,-1.5,-0.75,-1.5,-0.75,-1.5,-0.75,-1.5,-0.75,-0.75,-0.75,0.0,-0.75,-0.75,-0.75,-0.75,-0.75,-0.75,-0.75,-0.75,-0.75,-1.5,-0.75,-1.5,-0.75,-0.75,-0.75,-0.75,-0.75,-0.75,-0.75,-0.75,-1.5,-0.75,-0.75,-0.75,-0.75,-0.75,-0.75,-0.75,-0.75,-0.75,-0.75,-1.5,-0.75,-0.75,-0.75,-0.75,-0.75,-1.5,-1.5,-0.75,-1.5,-1.5,-1.5,-0.75,-0.75
55,-1.5,-1.5,-1.5,-0.75,-0.75,-1.5,-1.5,-0.75,-1.5,-0.75,-0.75,-1.5,-1.5,-1.5,-0.75,-1.5,-1.5,-1.5,-0.75,-0.75,-0.75,-0.75,-1.5,-1.5,-1.5,-1.5,-0.75,-1.5,-1.5,-1.5,-0.75,-1.5,-0.75,-0.75,-1.5,-0.75,-1.5,-1.5,-1.5,-0.75,-0.75,-0.75,-0.75,-1.5,-1.5,-1.5,-0.75,-0.75,-0.75,-0.75,-0.75,-1.5,-1.5,-1.5,-1.5,0.0,-0.75,-0.75,-1.5,-0.75,-0.75,-0.75,-0.75,-0.75,-0.75,-0.75,-0.75,-1.5,-0.75,-0.75,-1.5,-1.5,-1.5,-0.75,-0.75,-0.75,-0.75,-0.75,-0.75,-0.75,-0.75,-0.75,-0.75,-0.75,-0.75,-0.75,-0.75,-1.5,-0.75,-0.75,-0.75,-1.5,-0.75,-1.5,-0.75,-0.75,-0.75,-0.75,-0.75,-0.75
56,-1.5,-0.75,-0.75,-1.5,-0.75,-1.5,-1.5,-1.5,-0.75,-0.75,-0.75,-0.75,-1.5,-0.75,-0.75,-1.5,-0.75,-0.75,-0.75,-1.5,-1.5,-0.75,-0.75,-1.5,-1.5,-1.5,-1.5,-1.5,-1.5,-0.75,-1.5,-1.5,-0.75,-1.5,-0.75,-0.75,-0.75,-0.75,-0.75,-1.5,-1.5,-0.75,-1.5,-1.5,-1.5,-1.5,-0.75,-1.5,-1.5,-0.75,-0.75,-1.5,-0.75,-1.5,-0.75,-0.75,0.0,-0.75,-1.5,-0.75,-0.75,-0.75,-0.75,-0.75,-0.75,-0.75,-0.75,-0.75,-0.75,-0.75,-0.75,-1.5,-0.75,-0.75,-0.75,-0.75,-1.5,-0.75,-0.75,-1.5,-0.75,-0.75,-0.75,-0.75,-1.5,-0.75,-0.75,-0.75,-0.75,-0.75,-0.75,-0.75,-1.5,-1.5,-0.75,-1.5,-0.75,-1.5,-0.75,-0.75
57,-0.75,-1.5,-0.75,-0.75,-1.5,-0.75,-1.5,-1.5,-0.75,-0.75,-1.5,-0.75,-0.75,-1.5,-0.75,-1.5,-0.75,-1.5,-0.75,-0.75,-0.75,-0.75,-0.75,-0.75,-1.5,-1.5,-0.75,-1.5,-0.75,-0.75,-1.5,-0.75,-1.5,-1.5,-0.75,-0.75,-0.75,-0.75,-1.5,-0.75,-0.75,-0.75,-0.75,-0.75,-0.75,-1.5,-1.5,-0.75,-0.75,-0.75,-0.75,-1.5,-1.5,-0.75,-0.75,-0.75,-1.5,0.0,-0.75,-1.5,-0.75,-0.75,-0.75,-0.75,-0.75,-1.5,-1.5,-0.75,-0.75,-0.75,-1.5,-0.75,-0.75,-0.75,-0.75,-0.75,-0.75,-0.75,-0.75,-0.75,-0.75,-0.75,-1.5,-0.75,-1.5,-0.75,-0.75,-1.5,-1.5,-0.75,-0.75,-0.75,-0.75,-0.75,-0.75,-0.75,-0.75,-0.75,-0.75,-0.75
58,-0.75,-0.75,-1.5,-0.75,-1.5,-0.75,-1.5,-0.75,-0.75,-0.75,-0.75,-0.75,-1.5,-1.5,-0.75,-1.5,-0.75,-1.5,-0.75,-1.5,-0.75,-0.75,-1.5,-1.5,-1.5,-0.75,-1.5,-0.75,-0.75,-0.75,-1.5,-0.75,-1.5,-0.75,-1.5,-0.75,-0.75,-1.5,-0.75,-0.75,-0.75,-0.75,-1.5,-0.75,-1.5,-0.75,-0.75,-1.5,-1.5,-0.75,-0.75,-0.75,-0.75,-0.75,-0.75,-0.75,-1.5,-1.5,0.0,-0.75,-0.75,-0.75,-0.75,-0.75,-0.75,-1.5,-0.75,-0.75,-0.75,-0.75,-0.75,-0.75,-0.75,-0.75,-1.5,-0.75,-0.75,-0.75,-0.75,-0.75,-0.75,-0.75,-0.75,-0.75,-0.75,-0.75,-0.75,-0.75,-0.75,-0.75,-0.75,-0.75,-1.5,-0.75,-0.75,-0.75,-0.75,-0.75,-1.5,-0.75
59,-0.75,-0.75,-0.75,-1.5,-1.5,-0.75,-1.5,-1.5,-1.5,-0.75,-1.5,-1.5,-1.5,-1.5,-0.75,-0.75,-1.5,-0.75,-1.5,-1.5,-0.75,-1.5,-1.5,-0.75,-0.75,-0.75,-0.75,-0.75,-1.5,-0.75,-1.5,-1.5,-0.75,-0.75,-1.5,-0.75,-0.75,-1.5,-0.75,-0.75,-1.5,-1.5,-0.75,-0.75,-1.5,-0.75,-1.5,-0.75,-1.5,-1.5,-0.75,-0.75,-1.5,-0.75,-0.75,-0.75,-1.5,-1.5,-0.75,0.0,-0.75,-0.75,-0.75,-0.75,-0.75,-0.75,-0.75,-1.5,-0.75,-0.75,-0.75,-1.5,-0.75,-0.75,-1.5,-0.75,-0.75,-0.75,-0.75,-0.75,-1.5,-0.75,-0.75,-0.75,-1.5,-0.75,-0.75,-0.75,-1.5,-1.5,-0.75,-0.75,-0.75,-0.75,-0.75,-0.75,-0.75,-0.75,-0.75,-0.75
60,-0.75,-1.5,-0.75,-0.75,-0.75,-0.75,-1.5,-0.75,-0.75,-1.5,-1.5,-1.5,-0.75,-0.75,-1.5,-0.75,-1.5,-0.75,-1.5,-1.5,-0.75,-1.5,-0.75,-0.75,-1.5,-0.75,-1.5,-0.75,-1.5,-0.75,-0.75,-0.75,-0.75,-0.75,-0.75,-0.75,-1.5,-0.75,-0.75,-0.75,-1.5,-1.5,-0.75,-0.75,-0.75,-0.75,-0.75,-0.75,-0.75,-1.5,-0.75,-1.5,-0.75,-1.5,-0.75,-0.75,-0.75,-0.75,-1.5,-0.75,0.0,-0.75,-0.75,-0.75,-0.75,-1.5,-0.75,-0.75,-0.75,-0.75,-0.75,-0.75,-0.75,-0.75,-0.75,-1.5,-1.5,-0.75,-0.75,-1.5,-0.75,-0.75,-1.5,-1.5,-0.75,-0.75,-0.75,-0.75,-0.75,-1.5,-0.75,-0.75,-0.75,-1.5,-0.75,-1.5,-0.75,-0.75,-0.75,-1.5
61,-0.75,-1.5,-1.5,-0.75,-0.75,-0.75,-0.75,-0.75,-0.75,-0.75,-0.75,-0.75,-0.75,-1.5,-1.5,-0.75,-1.5,-1.5,-0.75,-0.75,-0.75,-0.75,-1.5,-0.75,-1.5,-1.5,-0.75,-0.75,-0.75,-1.5,-0.75,-0.75,-0.75,-1.5,-0.75,-0.75,-0.75,-1.5,-1.5,-0.75,-1.5,-1.5,-1.5,-1.5,-0.75,-0.75,-1.5,-1.5,-1.5,-0.75,-0.75,-0.75,-1.5,-0.75,-1.5,-1.5,-0.75,-1.5,-0.75,-1.5,-0.75,0.0,-0.75,-0.75,-0.75,-0.75,-0.75,-0.75,-0.75,-0.75,-0.75,-0.75,-0.75,-0.75,-1.5,-0.75,-0.75,-0.75,-0.75,-1.5,-0.75,-0.75,-0.75,-0.75,-0.75,-1.5,-0.75,-1.5,-0.75,-0.75,-0.75,-0.75,-1.5,-0.75,-1.5,-0.75,-1.5,-0.75,-0.75,-0.75
62,-1.5,-0.75,-1.5,-1.5,-0.75,-1.5,-0.75,-1.5,-1.5,-0.75,-0.75,-1.5,-1.5,-1.5,-0.75,-1.5,-1.5,-1.5,-0.75,-0.75,-1.5,-0.75,-1.5,-0.75,-0.75,-0.75,-1.5,-0.75,-0.75,-0.75,-1.5,-0.75,-0.75,-0.75,-1.5,-0.75,-0.75,-0.75,-0.75,-1.5,-1.5,-0.75,-1.5,-1.5,-1.5,-0.75,-0.75,-0.75,-0.75,-0.75,-0.75,-1.5,-1.5,-0.75,-0.75,-0.75,-0.75,-0.75,-1.5,-0.75,-1.5,-0.75,0.0,-1.5,-0.75,-0.75,-1.5,-0.75,-0.75,-0.75,-0.75,-0.75,-0.75,-0.75,-1.5,-0.75,-0.75,-0.75,-0.75,-0.75,-0.75,-0.75,-1.5,-1.5,-1.5,-0.75,-0.75,-0.75,-0.75,-0.75,-1.5,-0.75,-0.75,-1.5,-0.75,-1.5,-1.5,-0.75,-0.75,-0.75
63,-1.5,-1.5,-0.75,-1.5,-0.75,-0.75,-0.75,-0.75,-0.75,-0.75,-1.5,-0.75,-1.5,-1.5,-1.5,-0.75,-1.5,-0.75,-1.5,-0.75,-0.75,-1.5,-1.5,-0.75,-1.5,-0.75,-1.5,-0.75,-1.5,-1.5,-0.75,-1.5,-1.5,-0.75,-0.75,-1.5,-0.75,-0.75,-1.5,-1.5,-1.5,-0.75,-1.5,-1.5,-0.75,-1.5,-1.5,-1.5,-1.5,-1.5,-0.75,-1.5,-0.75,-0.75,-0.75,-1.5,-0.75,-0.75,-1.5,-1.5,-0.75,-1.5,-0.75,0.0,-0.75,-0.75,-0.75,-0.75,-0.75,-0.75,-0.75,-0.75,-1.5,-1.5,-1.5,-0.75,-1.5,-0.75,-0.75,-0.75,-0.75,-1.5,-1.5,-0.75,-1.5,-0.75,-0.75,-0.75,-0.75,-1.5,-0.75,-0.75,-0.75,-0.75,-1.5,-0.75,-0.75,-0.75,-1.5,-0.75
64,-0.75,-0.75,-1.5,-1.5,-1.5,-0.75,-1.5,-0.75,-1.5,-0.75,-0.75,-0.75,-0.75,-1.5,-1.5,-1.5,-1.5,-0.75,-0.75,-0.75,-1.5,-1.5,-0.75,-0.75,-0.75,-1.5,-0.75,-0.75,-0.75,-0.75,-0.75,-1.5,-0.75,-0.75,-1.5,-0.75,-1.5,-1.5,-0.75,-0.75,-1.5,-0.75,-0.75,-1.5,-0.75,-0.75,-0.75,-1.5,-0.75,-0.75,-1.5,-1.5,-1.5,-1.5,-1.5,-0.75,-1.5,-1.5,-0.75,-0.75,-0.75,-0.75,-0.75,-1.5,0.0,-0.75,-0.75,-0.75,-1.5,-0.75,-0.75,-0.75,-0.75,-1.5,-0.75,-0.75,-0.75,-0.75,-0.75,-0.75,-0.75,-0.75,-1.5,-0.75,-0.75,-0.75,-0.75,-0.75,-0.75,-0.75,-0.75,-0.75,-0.75,-0.75,-0.75,-0.75,-1.5,-0.75,-0.75,-1.5
65,-0.75,-1.5,-0.75,-1.5,-0.75,-0.75,-1.5,-0.75,-1.5,-1.5,-1.5,-0.75,-1.5,-0.75,-1.5,-1.5,-1.5,-0.75,-0.75,-1.5,-1.5,-0.75,-1.5,-0.75,-0.75,-1.5,-0.75,-1.5,-0.75,-0.75,-1.5,-0.75,-0.75,-1.5,-1.5,-1.5,-1.5,-0.75,-1.5,-1.5,-1.5,-1.5,-0.75,-0.75,-0.75,-1.5,-1.5,-1.5,-1.5,-0.75,-0.75,-0.75,-1.5,-0.75,-0.75,-1.5,-1.5,-0.75,-1.5,-1.5,-0.75,-0.75,-1.5,-0.75,-1.5,0.0,-0.75,-0.75,-0.75,-0.75,-0.75,-1.5,-0.75,-0.75,-0.75,-0.75,-0.75,-1.5,-0.75,-0.75,-1.5,-0.75,-0.75,-0.75,-0.75,-1.5,-0.75,-0.75,-1.5,-1.5,-0.75,-0.75,-0.75,-0.75,-1.5,-0.75,-1.5,-1.5,-1.5,-0.75
66,-0.75,-0.75,-1.5,-1.5,-1.5,-0.75,-0.75,-0.75,-0.75,-0.75,-0.75,-0.75,-0.75,-0.75,-0.75,-1.5,-1.5,-0.75,-0.75,-0.75,-1.5,-1.5,-1.5,-0.75,-1.5,-0.75,-1.5,-0.75,-1.5,-1.5,-1.5,-1.5,-1.5,-0.75,-1.5,-0.75,-0.75,-1.5,-1.5,-1.5,-1.5,-0.75,-0.75,-0.75,-0.75,-0.75,-0.75,-1.5,-0.75,-0.75,-0.75,-1.5,-0.75,-0.75,-1.5,-0.75,-0.75,-1.5,-0.75,-0.75,-0.75,-1.5,-0.75,-0.75,-0.75,-0.75,0.0,-0.75,-0.75,-0.75,-0.75,-0.75,-1.5,-0.75,-0.75,-0.75,-0.75,-0.75,-0.75,-0.75,-0.75,-1.5,-0.75,-0.75,-0.75,-0.75,-0.75,-0.75,-1.5,-0.75,-0.75,-0.75,-1.5,-0.75,-0.75,-0.75,-0.75,-1.5,-0.75,-0.75
67,-1.5,-1.5,-1.5,-0.75,-1.5,-0.75,-1.5,-0.75,-1.5,-0.75,-0.75,-0.75,-0.75,-1.5,-1.5,-1.5,-1.5,-1.5,-0.75,-1.5,-0.75,-0.75,-1.5,-0.75,-0.75,-1.5,-0.75,-1.5,-1.5,-1.5,-0.75,-1.5,-0.75,-0.75,-0.75,-0.75,-0.75,-1.5,-1.5,-0.75,-1.5,-0.75,-0.75,-1.5,-0.75,-1.5,-1.5,-0.75,-0.75,-0.75,-1.5,-1.5,-0.75,-1.5,-1.5,-1.5,-0.75,-0.75,-0.75,-1.5,-0.75,-1.5,-1.5,-0.75,-0.75,-1.5,-0.75,0.0,-0.75,-1.5,-1.5,-0.75,-0.75,-0.75,-1.5,-0.75,-0.75,-0.75,-0.75,-1.5,-0.75,-0.75,-1.5,-1.5,-0.75,-0.75,-1.5,-0.75,-0.75,-0.75,-0.75,-0.75,-1.5,-0.75,-1.5,-0.75,-0.75,-0.75,-0.75,-1.5
68,-1.5,-1.5,-0.75,-0.75,-1.5,-1.5,-0.75,-1.5,-1.5,-1.5,-1.5,-0.75,-0.75,-0.75,-1.5,-0.75,-1.5,-0.75,-0.75,-0.75,-1.5,-1.5,-1.5,-0.75,-0.75,-0.75,-1.5,-0.75,-0.75,-0.75,-1.5,-0.75,-1.5,-0.75,-1.5,-0.75,-0.75,-0.75,-1.5,-1.5,-0.75,-1.5,-0.75,-1.5,-1.5,-1.5,-0.75,-0.75,-1.5,-1.5,-1.5,-1.5,-1.5,-0.75,-1.5,-0.75,-0.75,-0.75,-0.75,-1.5,-0.75,-1.5,-1.5,-0.75,-1.5,-0.75,-1.5,-0.75,0.0,-0.75,-0.75,-0.75,-0.75,-0.75,-0.75,-0.75,-1.5,-1.5,-0.75,-0.75,-0.75,-1.5,-0.75,-0.75,-0.75,-0.75,-0.75,-0.75,-0.75,-0.75,-0.75,-0.75,-0.75,-1.5,-1.5,-1.5,-0.75,-1.5,-1.5,-0.75
69,-0.75,-1.5,-0.75,-1.5,-1.5,-1.5,-1.5,-0.75,-0.75,-1.5,-0.75,-0.75,-0.75,-1.5,-1.5,-0.75,-0.75,-0.75,-0.75,-0.75,-0.75,-0.75,-1.5,-0.75,-1.5,-1.5,-1.5,-0.75,-0.75,-0.75,-1.5,-0.75,-0.75,-1.5,-0.75,-1.5,-1.5,-1.5,-1.5,-0.75,-0.75,-0.75,-1.5,-1.5,-1.5,-1.5,-1.5,-0.75,-0.75,-1.5,-1.5,-0.75,-1.5,-1.5,-0.75,-1.5,-1.5,-0.75,-0.75,-0.75,-1.5,-1.5,-1.5,-0.75,-0.75,-1.5,-1.5,-1.5,-1.5,0.0,-0.75,-1.5,-1.5,-0.75,-1.5,-1.5,-1.5,-0.75,-0.75,-0.75,-0.75,-1.5,-0.75,-0.75,-0.75,-0.75,-0.75,-0.75,-0.75,-0.75,-0.75,-0.75,-0.75,-0.75,-0.75,-0.75,-0.75,-0.75,-0.75,-0.75
70,-1.5,-0.75,-0.75,-1.5,-0.75,-0.75,-0.75,-1.5,-1.5,-0.75,-0.75,-0.75,-1.5,-1.5,-0.75,-0.75,-0.75,-1.5,-0.75,-0.75,-1.5,-0.75,-0.75,-0.75,-0.75,-0.75,-1.5,-0.75,-1.5,-0.75,-1.5,-0.75,-1.5,-1.5,-1.5,-0.75,-0.75,-0.75,-0.75,-0.75,-0.75,-1.5,-1.5,-1.5,-1.5,-0.75,-1.5,-1.5,-0.75,-1.5,-1.5,-0.75,-0.75,-0.75,-1.5,-1.5,-1.5,-0.75,-0.75,-0.75,-1.5,-1.5,-0.75,-1.5,-0.75,-1.5,-1.5,-0.75,-0.75,-0.75,0.0,-0.75,-0.75,-0.75,-0.75,-1.5,-0.75,-1.5,-0.75,-0.75,-0.75,-0.75,-1.5,-0.75,-0.75,-1.5,-0.75,-0.75,-0.75,-0.75,-0.75,-0.75,-0.75,-0.75,-0.75,-0.75,-0.75,-0.75,-0.75,-0.75
71,-1.5,-0.75,-0.75,-1.5,-1.5,-0.75,-0.75,-1.5,-0.75,-0.75,-0.75,-0.75,-1.5,-0.75,-1.5,-1.5,-1.5,-1.5,-0.75,-0.75,-0.75,-0.75,-0.75,-1.5,-0.75,-1.5,-1.5,-1.5,-0.75,-0.75,-1.5,-1.5,-0.75,-1.5,-0.75,-0.75,-0.75,-0.75,-1.5,-0.75,-1.5,-0.75,-1.5,-0.75,-1.5,-0.75,-1.5,-0.75,-0.75,-0.75,-1.5,-0.75,-0.75,-1.5,-0.75,-1.5,-1.5,-0.75,-0.75,-1.5,-1.5,-0.75,-1.5,-1.5,-1.5,-0.75,-1.5,-0.75,-1.5,-1.5,-1.5,0.0,-0.75,-0.75,-0.75,-0.75,-1.5,-0.75,-0.75,-0.75,-0.75,-0.75,-1.5,-0.75,-0.75,-0.75,-0.75,-0.75,-0.75,-0.75,-0.75,-0.75,-0.75,-0.75,-0.75,-0.75,-1.5,-1.5,-0.75,-0.75
72,-1.5,-0.75,-1.5,-1.5,-1.5,-1.5,-0.75,-1.5,-0.75,-1.5,-0.75,-0.75,-1.5,-1.5,-1.5,-0.75,-1.5,-1.5,-0.75,-0.75,-1.5,-0.75,-0.75,-0.75,-0.75,-1.5,-1.5,-0.75,-0.75,-1.5,-0.75,-0.75,-1.5,-0.75,-0.75,-0.75,-0.75,-1.5,-0.75,-1.5,-0.75,-0.75,-0.75,-1.5,-0.75,-0.75,-1.5,-0.75,-0.75,-1.5,-1.5,-1.5,-0.75,-0.75,-1.5,-0.75,-0.75,-0.75,-1.5,-1.5,-1.5,-0.75,-1.5,-1.5,-0.75,-0.75,-0.75,-1.5,-0.75,-0.75,-1.5,-0.75,0.0,-0.75,-1.5,-1.5,-0.75,-0.75,-0.75,-0.75,-0.75,-0.75,-0.75,-1.5,-0.75,-0.75,-0.75,-0.75,-0.75,-0.75,-0.75,-0.75,-0.75,-0.75,-0.75,-0.75,-0.75,-1.5,-0.75,-0.75
73,-1.5,-1.5,-1.5,-1.5,-1.5,-0.75,-0.75,-0.75,-0.75,-0.75,-0.75,-0.75,-0.75,-1.5,-1.5,-0.75,-0.75,-0.75,-1.5,-1.5,-0.75,-0.75,-1.5,-1.5,-0.75,-1.5,-1.5,-0.75,-1.5,-1.5,-1.5,-1.5,-0.75,-0.75,-1.5,-1.5,-0.75,-0.75,-1.5,-1.5,-0.75,-1.5,-1.5,-0.75,-0.75,-1.5,-0.75,-1.5,-1.5,-1.5,-1.5,-0.75,-0.75,-1.5,-1.5,-1.5,-0.75,-1.5,-0.75,-1.5,-0.75,-1.5,-0.75,-0.75,-1.5,-0.75,-0.75,-0.75,-0.75,-0.75,-0.75,-0.75,-1.5,0.0,-0.75,-0.75,-0.75,-1.5,-1.5,-1.5,-0.75,-0.75,-0.75,-0.75,-0.75,-0.75,-1.5,-0.75,-0.75,-0.75,-1.5,-0.75,-0.75,-0.75,-1.5,-0.75,-1.5,-0.75,-0.75,-0.75
74,-0.75,-0.75,-0.75,-1.5,-0.75,-0.75,-1.5,-1.5,-0.75,-0.75,-1.5,-1.5,-1.5,-1.5,-0.75,-0.75,-0.75,-0.75,-0.75,-0.75,-1.5,-0.75,-0.75,-0.75,-1.5,-0.75,-1.5,-1.5,-0.75,-1.5,-0.75,-1.5,-0.75,-1.5,-0.75,-1.5,-1.5,-0.75,-0.75,-0.75,-1.5,-1.5,-1.5,-1.5,-1.5,-0.75,-0.75,-0.75,-0.75,-0.75,-0.75,-1.5,-0.75,-0.75,-1.5,-1.5,-1.5,-0.75,-1.5,-0.75,-0.75,-1.5,-0.75,-0.75,-1.5,-0.75,-1.5,-0.75,-1.5,-1.5,-1.5,-0.75,-0.75,-1.5,0.0,-0.75,-0.75,-0.75,-0.75,-0.75,-0.75,-1.5,-0.75,-0.75,-0.75,-0.75,-0.75,-0.75,-0.75,-0.75,-0.75,-0.75,-1.5,-1.5,-1.5,-1.5,-0.75,-0.75,-0.75,-0.75
75,-0.75,-0.75,-1.5,-0.75,-1.5,-0.75,-0.75,-1.5,-0.75,-0.75,-1.5,-1.5,-1.5,-1.5,-1.5,-0.75,-1.5,-0.75,-1.5,-1.5,-0.75,-0.75,-0.75,-0.75,-0.75,-1.5,-0.75,-1.5,-1.5,-1.5,-0.75,-0.75,-1.5,-0.75,-0.75,-1.5,-0.75,-1.5,-0.75,-0.75,-0.75,-1.5,-0.75,-1.5,-1.5,-1.5,-1.5,-0.75,-1.5,-0.75,-1.5,-1.5,-1.5,-0.75,-1.5,-0.75,-1.5,-0.75,-0.75,-1.5,-0.75,-0.75,-1.5,-0.75,-1.5,-0.75,-0.75,-0.75,-1.5,-0.75,-0.75,-0.75,-1.5,-0.75,-0.75,0.0,-0.75,-1.5,-0.75,-0.75,-0.75,-0.75,-1.5,-0.75,-1.5,-0.75,-0.75,-0.75,-0.75,-1.5,-0.75,-0.75,-1.5,-0.75,-1.5,-0.75,-0.75,-0.75,-0.75,-0.75
76,-1.5,-0.75,-0.75,-0.75,-0.75,-0.75,-1.5,-1.5,-1.5,-1.5,-1.5,-1.5,-1.5,-1.5,-0.75,-0.75,-1.5,-0.75,-1.5,-0.75,-1.5,-0.75,-0.75,-0.75,-1.5,-0.75,-1.5,-0.75,-0.75,-1.5,-0.75,-1.5,-0.75,-1.5,-0.75,-0.75,-1.5,-0.75,-0.75,-0.75,-0.75,-1.5,-1.5,-0.75,-0.75,-0.75,-1.5,-1.5,-0.75,-0.75,-0.75,-1.5,-0.75,-0.75,-1.5,-0.75,-0.75,-0.75,-1.5,-0.75,-0.75,-1.5,-1.5,-1.5,-0.75,-1.5,-0.75,-0.75,-1.5,-1.5,-0.75,-1.5,-1.5,-0.75,-0.75,-0.75,0.0,-1.5,-0.75,-0.75,-0.75,-0.75,-0.75,-0.75,-0.75,-0.75,-0.75,-0.75,-1.5,-0.75,-1.5,-0.75,-0.75,-1.5,-1.5,-0.75,-0.75,-0.75,-1.5,-1.5
77,-1.5,-1.5,-1.5,-1.5,-0.75,-1.5,-1.5,-1.5,-1.5,-0.75,-1.5,-0.75,-0.75,-0.75,-1.5,-0.75,-0.75,-0.75,-1.5,-0.75,-1.5,-0.75,-1.5,-0.75,-1.5,-0.75,-1.5,-1.5,-1.5,-1.5,-0.75,-1.5,-0.75,-0.75,-0.75,-1.5,-0.75,-0.75,-0.75,-0.75,-0.75,-0.75,-0.75,-1.5,-0.75,-1.5,-0.75,-1.5,-0.75,-1.5,-0.75,-1.5,-0.75,-1.5,-0.75,-1.5,-0.75,-1.5,-1.5,-0.75,-0.75,-0.75,-1.5,-0.75,-0.75,-0.75,-0.75,-0.75,-0.75,-0.75,-0.75,-0.75,-0.75,-0.75,-0.75,-1.5,-1.5,0.0,-0.75,-0.75,-0.75,-1.5,-1.5,-0.75,-0.75,-0.75,-1.5,-0.75,-1.5,-1.5,-0.75,-1.5,-0.75,-1.5,-0.75,-0.75,-1.5,-0.75,-1.5,-1.5
78,-1.5,-0.75,-0.75,-0.75,-1.5,-0.75,-0.75,-0.75,-1.5,-0.75,-1.5,-1.5,-0.75,-0.75,-0.75,-1.5,-1.5,-1.5,-0.75,-0.75,-1.5,-1.5,-0.75,-1.5,-1.5,-1.5,-1.5,-0.75,-1.5,-0.75,-0.75,-0.75,-1.5,-0.75,-1.5,-1.5,-1.5,-0.75,-0.75,-1.5,-1.5,-0.75,-1.5,-0.75,-0.75,-0.75,-1.5,-0.75,-1.5,-0.75,-1.5,-1.5,-1.5,-0.75,-1.5,-0.75,-0.75,-0.75,-0.75,-0.75,-1.5,-1.5,-1.5,-1.5,-0.75,-1.5,-0.75,-0.75,-0.75,-1.5,-1.5,-0.75,-1.5,-1.5,-0.75,-1.5,-0.75,-0.75,0.0,-1.5,-0.75,-0.75,-0.75,-1.5,-0.75,-1.5,-1.5,-0.75,-0.75,-0.75,-0.75,-0.75,-0.75,-0.75,-0.75,-0.75,-1.5,-0.75,-0.75,-0.75
79,-1.5,-0.75,-1.5,-1.5,-0.75,-1.5,-0.75,-0.75,-0.75,-0.75,-0.75,-0.75,-0.75,-0.75,-1.5,-1.5,-0.75,-1.5,-1.5,-0.75,-1.5,-1.5,-1.5,-1.5,-1.5,-1.5,-1.5,-1.5,-1.5,-1.5,-0.75,-1.5,-0.75,-0.75,-1.5,-0.75,-0.75,-0.75,-0.75,-0.75,-0.75,-0.75,-0.75,-1.5,-0.75,-1.5,-1.5,-1.5,-1.5,-0.75,-1.5,-0.75,-0.75,-1.5,-1.5,-0.75,-0.75,-0.75,-1.5,-1.5,-1.5,-0.75,-1.5,-0.75,-0.75,-1.5,-0.75,-1.5,-0.75,-0.75,-0.75,-0.75,-1.5,-1.5,-1.5,-1.5,-0.75,-1.5,-1.5,0.0,-0.75,-0.75,-0.75,-0.75,-0.75,-0.75,-0.75,-1.5,-0.75,-1.5,-1.5,-0.75,-0.75,-0.75,-0.75,-0.75,-1.5,-0.75,-0.75,-0.75
80,-0.75,-0.75,-0.75,-0.75,-0.75,-1.5,-0.75,-0.75,-0.75,-1.5,-0.75,-1.5,-1.5,-0.75,-0.75,-1.5,-1.5,-1.5,-0.75,-0.75,-0.75,-1.5,-0.75,-1.5,-1.5,-0.75,-0.75,-1.5,-1.5,-0.75,-1.5,-1.5,-0.75,-1.5,-0.75,-1.5,-0.75,-0.75,-1.5,-1.5,-0.75,-0.75,-1.5,-1.5,-1.5,-0.75,-1.5,-0.75,-1.5,-0.75,-1.5,-1.5,-1.5,-0.75,-0.75,-1.5,-1.5,-1.5,-1.5,-1.5,-1.5,-0.75,-1.5,-0.75,-0.75,-0.75,-1.5,-0.75,-1.5,-1.5,-0.75,-0.75,-0.75,-0.75,-1.5,-1.5,-1.5,-1.5,-1.5,-0.75,0.0,-0.75,-0.75,-0.75,-0.75,-0.75,-0.75,-0.75,-0.75,-0.75,-1.5,-0.75,-0.75,-1.5,-0.75,-0.75,-1.5,-0.75,-0.75,-1.5
81,-0.75,-0.75,-1.5,-1.5,-1.5,-0.75,-0.75,-0.75,-1.5,-1.5,-0.75,-0.75,-1.5,-0.75,-0.75,-0.75,-0.75,-0.75,-1.5,-0.75,-0.75,-0.75,-0.75,-0.75,-1.5,-1.5,-0.75,-0.75,-0.75,-1.5,-0.75,-0.75,-1.5,-0.75,-0.75,-0.75,-1.5,-0.75,-0.75,-1.5,-0.75,-0.75,-0.75,-0.75,-0.75,-0.75,-0.75,-1.5,-1.5,-0.75,-1.5,-0.75,-0.75,-0.75,-1.5,-0.75,-1.5,-1.5,-1.5,-0.75,-0.75,-0.75,-1.5,-1.5,-0.75,-1.5,-0.75,-0.75,-1.5,-0.75,-1.5,-0.75,-1.5,-1.5,-0.75,-0.75,-0.75,-0.75,-0.75,-0.75,-1.5,0.0,-0.75,-0.75,-0.75,-0.75,-0.75,-0.75,-0.75,-0.75,-0.75,-1.5,-0.75,-1.5,-1.5,-1.5,-1.5,-1.5,-0.75,-0.75
82,-1.5,-0.75,-0.75,-0.75,-0.75,-1.5,-0.75,-1.5,-1.5,-0.75,-0.75,-0.75,-0.75,-0.75,-0.75,-0.75,-0.75,-1.5,-1.5,-0.75,-1.5,-1.5,-1.5,-1.5,-0.75,-0.75,-1.5,-1.5,-0.75,-1.5,-0.75,-1.5,-0.75,-1.5,-0.75,-1.5,-1.5,-0.75,-0.75,-0.75,-0.75,-1.5,-1.5,-0.75,-0.75,-0.75,-1.5,-0.75,-0.75,-1.5,-1.5,-1.5,-0.75,-0.75,-0.75,-0.75,-1.5,-1.5,-1.5,-1.5,-1.5,-1.5,-1.5,-1.5,-1.5,-0.75,-1.5,-0.75,-0.75,-0.75,-0.75,-1.5,-0.75,-0.75,-1.5,-0.75,-1.5,-0.75,-1.5,-0.75,-1.5,-0.75,0.0,-0.75,-1.5,-0.75,-1.5,-0.75,-0.75,-0.75,-0.75,-0.75,-0.75,-0.75,-0.75,-0.75,-0.75,-0.75,-0.75,-0.75
83,-1.5,-0.75,-1.5,-1.5,-1.5,-0.75,-0.75,-0.75,-0.75,-0.75,-0.75,-1.5,-0.75,-0.75,-0.75,-1.5,-0.75,-1.5,-1.5,-0.75,-0.75,-1.5,-0.75,-1.5,-0.75,-0.75,-1.5,-0.75,-1.5,-1.5,-0.75,-0.75,-0.75,-1.5,-0.75,-1.5,-1.5,-0.75,-0.75,-1.5,-1.5,-1.5,-0.75,-1.5,-0.75,-1.5,-0.75,-1.5,-0.75,-0.75,-0.75,-0.75,-1.5,-0.75,-0.75,-1.5,-0.75,-1.5,-0.75,-1.5,-1.5,-0.75,-0.75,-1.5,-1.5,-0.75,-0.75,-1.5,-1.5,-0.75,-0.75,-0.75,-1.5,-1.5,-0.75,-0.75,-1.5,-1.5,-0.75,-0.75,-1.5,-0.75,-1.5,0.0,-0.75,-0.75,-0.75,-0.75,-0.75,-1.5,-0.75,-0.75,-0.75,-0.75,-1.5,-0.75,-0.75,-0.75,-0.75,-0.75
84,-0.75,-0.75,-0.75,-0.75,-0.75,-1.5,-0.75,-1.5,-0.75,-0.75,-1.5,-0.75,-1.5,-1.5,-0.75,-1.5,-0.75,-1.5,-1.5,-1.5,-0.75,-1.5,-0.75,-0.75,-0.75,-0.75,-0.75,-0.75,-1.5,-1.5,-1.5,-0.75,-1.5,-0.75,-1.5,-0.75,-0.75,-1.5,-0.75,-0.75,-0.75,-0.75,-1.5,-0.75,-1.5,-0.75,-1.5,-0.75,-0.75,-1.5,-1.5,-1.5,-1.5,-0.75,-0.75,-0.75,-0.75,-0.75,-1.5,-0.75,-0.75,-0.75,-0.75,-1.5,-0.75,-0.75,-0.75,-1.5,-1.5,-1.5,-0.75,-0.75,-0.75,-1.5,-1.5,-0.75,-1.5,-1.5,-0.75,-0.75,-1.5,-1.5,-1.5,-1.5,0.0,-0.75,-0.75,-0.75,-0.75,-0.75,-1.5,-1.5,-0.75,-1.5,-0.75,-0.75,-0.75,-0.75,-0.75,-0.75
85,-0.75,-0.75,-0.75,-0.75,-1.5,-1.5,-0.75,-1.5,-1.5,-0.75,-1.5,-0.75,-1.5,-0.75,-0.75,-1.5,-0.75,-0.75,-0.75,-0.75,-0.75,-1.5,-0.75,-1.5,-0.75,-1.5,-0.75,-0.75,-0.75,-0.75,-0.75,-0.75,-0.75,-1.5,-0.75,-1.5,-1.5,-0.75,-1.5,-0.75,-1.5,-1.5,-1.5,-1.5,-0.75,-0.75,-1.5,-1.5,-1.5,-1.5,-1.5,-0.75,-1.5,-1.5,-1.5,-0.75,-0.75,-0.75,-0.75,-1.5,-0.75,-0.75,-1.5,-0.75,-1.5,-0.75,-1.5,-1.5,-1.5,-0.75,-1.5,-0.75,-1.5,-0.75,-1.5,-0.75,-0.75,-1.5,-1.5,-0.75,-0.75,-0.75,-0.75,-1.5,-0.75,0.0,-0.75,-0.75,-0.75,-0.75,-0.75,-1.5,-0.75,-1.5,-1.5,-0.75,-0.75,-0.75,-0.75,-0.75
86,-0.75,-0.75,-0.75,-1.5,-1.5,-0.75,-1.5,-1.5,-1.5,-0.75,-0.75,-0.75,-1.5,-0.75,-0.75,-0.75,-1.5,-0.75,-0.75,-0.75,-1.5,-1.5,-0.75,-1.5,-1.5,-0.75,-1.5,-0.75,-0.75,-1.5,-1.5,-0.75,-1.5,-1.5,-1.5,-0.75,-1.5,-1.5,-1.5,-0.75,-0.75,-0.75,-0.75,-1.5,-0.75,-0.75,-0.75,-1.5,-1.5,-0.75,-0.75,-0.75,-1.5,-1.5,-0.75,-0.75,-0.75,-1.5,-0.75,-0.75,-1.5,-1.5,-0.75,-1.5,-0.75,-0.75,-1.5,-1.5,-1.5,-1.5,-0.75,-1.5,-1.5,-0.75,-1.5,-1.5,-1.5,-0.75,-1.5,-0.75,-0.75,-0.75,-0.75,-1.5,-0.75,-0.75,0.0,-0.75,-0.75,-0.75,-0.75,-0.75,-1.5,-0.75,-0.75,-0.75,-1.5,-0.75,-0.75,-0.75
87,-0.75,-0.75,-1.5,-0.75,-1.5,-1.5,-1.5,-0.75,-1.5,-0.75,-0.75,-0.75,-0.75,-0.75,-0.75,-0.75,-0.75,-0.75,-1.5,-0.75,-1.5,-1.5,-1.5,-0.75,-0.75,-0.75,-1.5,-0.75,-0.75,-1.5,-1.5,-0.75,-1.5,-0.75,-0.75,-0.75,-0.75,-0.75,-1.5,-1.5,-1.5,-1.5,-0.75,-0.75,-0.75,-0.75,-0.75,-1.5,-0.75,-1.5,-1.5,-1.5,-1.5,-0.75,-0.75,-1.5,-0.75,-1.5,-1.5,-1.5,-1.5,-0.75,-0.75,-1.5,-0.75,-0.75,-1.5,-0.75,-1.5,-0.75,-0.75,-0.75,-1.5,-1.5,-1.5,-1.5,-1.5,-1.5,-1.5,-0.75,-0.75,-1.5,-1.5,-0.75,-1.5,-1.5,-1.5,0.0,-0.75,-0.75,-0.75,-1.5,-1.5,-0.75,-0.75,-0.75,-0.75,-0.75,-0.75,-0.75
88,-0.75,-1.5,-1.5,-1.5,-0.75,-0.75,-1.5,-0.75,-1.5,-1.5,-1.5,-0.75,-0.75,-0.75,-0.75,-1.5,-0.75,-0.75,-1.5,-0.75,-1.5,-0.75,-1.5,-0.75,-0.75,-0.75,-0.75,-1.5,-0.75,-0.75,-0.75,-0.75,-0.75,-0.75,-1.5,-1.5,-1.5,-0.75,-0.75,-0.75,-0.75,-1.5,-0.75,-1.5,-1.5,-0.75,-0.75,-1.5,-0.75,-0.75,-0.75,-0.75,-0.75,-1.5,-0.75,-0.75,-1.5,-0.75,-1.5,-0.75,-1.5,-0.75,-1.5,-0.75,-1.5,-1.5,-0.75,-0.75,-1.5,-1.5,-0.75,-1.5,-0.75,-0.75,-0.75,-1.5,-0.75,-0.75,-1.5,-0.75,-1.5,-1.5,-0.75,-1.5,-1.5,-0.75,-0.75,-1.5,0.0,-0.75,-0.75,-1.5,-0.75,-0.75,-0.75,-1.5,-0.75,-0.75,-0.75,-0.75
89,-1.5,-0.75,-0.75,-0.75,-0.75,-1.5,-0.75,-0.75,-1.5,-1.5,-0.75,-0.75,-1.5,-0.75,-1.5,-1.5,-1.5,-1.5,-0.75,-1.5,-0.75,-1.5,-1.5,-0.75,-1.5,-1.5,-1.5,-0.75,-0.75,-0.75,-0.75,-0.75,-1.5,-0.75,-1.5,-0.75,-0.75,-1.5,-1.5,-0.75,-0.75,-0.75,-0.75,-1.5,-1.5,-0.75,-0.75,-0.75,-1.5,-0.75,-0.75,-0.75,-1.5,-0.75,-0.75,-1.5,-1.5,-0.75,-1.5,-0.75,-1.5,-1.5,-0.75,-1.5,-0.75,-0.75,-0.75,-1.5,-0.75,-1.5,-1.5,-0.75,-0.75,-1.5,-1.5,-0.75,-0.75,-1.5,-0.75,-0.75,-1.5,-0.75,-1.5,-1.5,-0.75,-1.5,-0.75,-0.75,-0.75,0.0,-0.75,-0.75,-0.75,-0.75,-0.75,-1.5,-0.75,-0.75,-0.75,-0.75
90,-1.5,-0.75,-0.75,-0.75,-0.75,-1.5,-0.75,-0.75,-0.75,-0.75,-0.75,-0.75,-0.75,-1.5,-0.75,-0.75,-1.5,-0.75,-0.75,-1.5,-1.5,-0.75,-1.5,-1.5,-0.75,-0.75,-1.5,-1.5,-0.75,-1.5,-1.5,-0.75,-0.75,-0.75,-0.75,-1.5,-0.75,-0.75,-0.75,-0.75,-0.75,-1.5,-1.5,-1.5,-0.75,-0.75,-0.75,-1.5,-0.75,-1.5,-0.75,-0.75,-0.75,-0.75,-1.5,-0.75,-0.75,-0.75,-1.5,-1.5,-0.75,-0.75,-1.5,-0.75,-1.5,-0.75,-0.75,-1.5,-1.5,-0.75,-0.75,-0.75,-1.5,-0.75,-0.75,-1.5,-1.5,-0.75,-0.75,-0.75,-0.75,-0.75,-1.5,-0.75,-1.5,-1.5,-1.5,-1.5,-0.75,-1.5,0.0,-0.75,-0.75,-0.75,-0.75,-0.75,-0.75,-1.5,-0.75,-1.5
91,-1.5,-1.5,-0.75,-1.5,-1.5,-1.5,-0.75,-1.5,-1.5,-0.75,-1.5,-1.5,-0.75,-1.5,-1.5,-0.75,-1.5,-0.75,-0.75,-1.5,-0.75,-1.5,-1.5,-0.75,-0.75,-1.5,-0.75,-0.75,-0.75,-0.75,-0.75,-0.75,-0.75,-1.5,-0.75,-0.75,-1.5,-1.5,-0.75,-1.5,-0.75,-0.75,-1.5,-1.5,-1.5,-0.75,-1.5,-0.75,-1.5,-1.5,-1.5,-0.75,-1.5,-1.5,-0.75,-0.75,-0.75,-1.5,-0.75,-0.75,-0.75,-1.5,-1.5,-0.75,-0.75,-0.75,-0.75,-0.75,-1.5,-1.5,-1.5,-0.75,-1.5,-0.75,-0.75,-0.75,-1.5,-0.75,-1.5,-0.75,-0.75,-0.75,-0.75,-1.5,-1.5,-0.75,-1.5,-0.75,-0.75,-1.5,-1.5,0.0,-0.75,-0.75,-0.75,-0.75,-0.75,-0.75,-0.75,-0.75
92,-1.5,-0.75,-1.5,-1.5,-1.5,-1.5,-1.5,-1.5,-1.5,-1.5,-1.5,-0.75,-1.5,-1.5,-1.5,-1.5,-0.75,-1.5,-1.5,-1.5,-0.75,-1.5,-0.75,-1.5,-1.5,-0.75,-0.75,-1.5,-1.5,-0.75,-1.5,-1.5,-1.5,-0.75,-0.75,-0.75,-0.75,-0.75,-1.5,-0.75,-1.5,-1.5,-1.5,-0.75,-1.5,-0.75,-0.75,-0.75,-0.75,-1.5,-0.75,-1.5,-0.75,-1.5,-0.75,-0.75,-1.5,-1.5,-0.75,-0.75,-1.5,-0.75,-0.75,-0.75,-1.5,-0.75,-1.5,-1.5,-1.5,-0.75,-0.75,-0.75,-0.75,-1.5,-1.5,-1.5,-0.75,-1.5,-1.5,-0.75,-0.75,-0.75,-1.5,-0.75,-1.5,-0.75,-1.5,-1.5,-0.75,-0.75,-0.75,-1.5,0.0,-0.75,-0.75,-0.75,-1.5,-1.5,-0.75,-0.75
93,-0.75,-0.75,-0.75,-0.75,-0.75,-1.5,-0.75,-0.75,-0.75,-1.5,-0.75,-0.75,-1.5,-0.75,-0.75,-1.5,-0.75,-0.75,-1.5,-1.5,-1.5,-0.75,-1.5,-1.5,-1.5,-0.75,-1.5,-1.5,-0.75,-0.75,-0.75,-1.5,-0.75,-1.5,-0.75,-0.75,-0.75,-0.75,-1.5,-1.5,-1.5,-1.5,-1.5,-0.75,-1.5,-1.5,-1.5,-0.75,-1.5,-1.5,-1.5,-1.5,-0.75,-1.5,-0.75,-0.75,-0.75,-0.75,-0.75,-1.5,-1.5,-1.5,-1.5,-0.75,-1.5,-0.75,-0.75,-0.75,-1.5,-0.75,-1.5,-0.75,-1.5,-0.75,-1.5,-0.75,-1.5,-1.5,-0.75,-0.75,-1.5,-0.75,-0.75,-1.5,-0.75,-0.75,-0.75,-1.5,-0.75,-1.5,-0.75,-0.75,-0.75,0.0,-0.75,-0.75,-0.75,-0.75,-0.75,-0.75
94,-0.75,-0.75,-1.5,-0.75,-0.75,-0.75,-0.75,-1.5,-0.75,-1.5,-0.75,-1.5,-1.5,-1.5,-0.75,-1.5,-1.5,-1.5,-0.75,-1.5,-1.5,-1.5,-0.75,-0.75,-1.5,-1.5,-1.5,-0.75,-0.75,-0.75,-1.5,-0.75,-1.5,-1.5,-0.75,-0.75,-0.75,-0.75,-1.5,-0.75,-1.5,-0.75,-0.75,-1.5,-0.75,-1.5,-0.75,-0.75,-1.5,-0.75,-1.5,-0.75,-0.75,-0.75,-0.75,-1.5,-1.5,-0.75,-0.75,-1.5,-0.75,-1.5,-1.5,-1.5,-1.5,-0.75,-0.75,-0.75,-0.75,-1.5,-0.75,-1.5,-0.75,-0.75,-0.75,-0.75,-1.5,-0.75,-0.75,-0.75,-0.75,-0.75,-0.75,-1.5,-0.75,-1.5,-0.75,-1.5,-0.75,-0.75,-0.75,-1.5,-0.75,-0.75,0.0,-0.75,-0.75,-0.75,-0.75,-0.75
95,-1.5,-0.75,-1.5,-1.5,-0.75,-0.75,-0.75,-0.75,-1.5,-0.75,-0.75,-1.5,-1.5,-1.5,-0.75,-1.5,-1.5,-0.75,-1.5,-1.5,-0.75,-0.75,-0.75,-1.5,-0.75,-1.5,-1.5,-1.5,-0.75,-1.5,-1.5,-0.75,-0.75,-0.75,-1.5,-0.75,-0.75,-0.75,-1.5,-0.75,-1.5,-1.5,-0.75,-1.5,-0.75,-0.75,-1.5,-0.75,-0.75,-1.5,-0.75,-1.5,-1.5,-1.5,-0.75,-0.75,-1.5,-0.75,-1.5,-1.5,-0.75,-0.75,-0.75,-0.75,-1.5,-1.5,-1.5,-1.5,-0.75,-0.75,-1.5,-0.75,-1.5,-1.5,-0.75,-0.75,-1.5,-1.5,-0.75,-1.5,-1.5,-0.75,-0.75,-0.75,-1.5,-0.75,-0.75,-0.75,-1.5,-0.75,-1.5,-0.75,-1.5,-1.5,-1.5,0.0,-0.75,-1.5,-0.75,-0.75
96,-0.75,-0.75,-0.75,-0.75,-0.75,-0.75,-0.75,-1.5,-0.75,-0.75,-0.75,-1.5,-1.5,-1.5,-1.5,-1.5,-1.5,-0.75,-1.5,-0.75,-1.5,-0.75,-0.75,-0.75,-1.5,-1.5,-0.75,-1.5,-0.75,-0.75,-0.75,-0.75,-0.75,-0.75,-0.75,-0.75,-0.75,-1.5,-0.75,-0.75,-0.75,-1.5,-0.75,-1.5,-1.5,-0.75,-0.75,-0.75,-0.75,-1.5,-0.75,-0.75,-0.75,-1.5,-0.75,-0.75,-0.75,-1.5,-0.75,-0.75,-1.5,-0.75,-1.5,-0.75,-1.5,-1.5,-1.5,-1.5,-1.5,-0.75,-0.75,-1.5,-1.5,-0.75,-0.75,-0.75,-0.75,-1.5,-0.75,-0.75,-1.5,-0.75,-0.75,-1.5,-0.75,-0.75,-0.75,-1.5,-0.75,-0.75,-0.75,-0.75,-0.75,-1.5,-1.5,-0.75,0.0,-1.5,-0.75,-0.75
97,-1.5,-0.75,-1.5,-0.75,-0.75,-0.75,-1.5,-1.5,-0.75,-1.5,-0.75,-1.5,-0.75,-1.5,-1.5,-1.5,-0.75,-0.75,-0.75,-1.5,-0.75,-1.5,-1.5,-0.75,-1.5,-0.75,-1.5,-1.5,-1.5,-0.75,-0.75,-1.5,-1.5,-1.5,-0.75,-1.5,-1.5,-0.75,-0.75,-1.5,-1.5,-0.75,-0.75,-0.75,-1.5,-0.75,-1.5,-1.5,-0.75,-0.75,-0.75,-0.75,-0.75,-1.5,-0.75,-0.75,-0.75,-0.75,-0.75,-0.75,-1.5,-1.5,-0.75,-0.75,-1.5,-0.75,-1.5,-1.5,-0.75,-0.75,-0.75,-1.5,-1.5,-0.75,-0.75,-0.75,-1.5,-1.5,-0.75,-1.5,-1.5,-0.75,-0.75,-0.75,-0.75,-0.75,-1.5,-1.5,-1.5,-0.75,-1.5,-1.5,-1.5,-1.5,-1.5,-1.5,-1.5,0.0,-0.75,-0.75
98,-0.75,-0.75,-0.75,-0.75,-0.75,-1.5,-1.5,-1.5,-1.5,-1.5,-1.5,-0.75,-0.75,-0.75,-0.75,-1.5,-0.75,-0.75,-0.75,-0.75,-0.75,-0.75,-1.5,-1.5,-0.75,-0.75,-0.75,-1.5,-0.75,-1.5,-1.5,-0.75,-0.75,-1.5,-0.75,-1.5,-0.75,-1.5,-1.5,-0.75,-1.5,-0.75,-0.75,-1.5,-0.75,-0.75,-1.5,-0.75,-0.75,-0.75,-1.5,-1.5,-0.75,-0.75,-0.75,-0.75,-0.75,-1.5,-0.75,-0.75,-0.75,-0.75,-0.75,-1.5,-0.75,-1.5,-0.75,-0.75,-0.75,-1.5,-0.75,-1.5,-1.5,-1.5,-0.75,-0.75,-0.75,-0.75,-1.5,-0.75,-1.5,-1.5,-1.5,-1.5,-1.5,-1.5,-0.75,-0.75,-1.5,-0.75,-1.5,-0.75,-0.75,-0.75,-1.5,-0.75,-0.75,-0.75,0.0,-0.75
99,-1.5,-0.75,-0.75,-1.5,-0.75,-0.75,-1.5,-1.5,-0.75,-0.75,-0.75,-1.5,-0.75,-0.75,-0.75,-1.5,-0.75,-0.75,-1.5,-1.5,-0.75,-1.5,-1.5,-1.5,-0.75,-1.5,-1.5,-1.5,-1.5,-0.75,-1.5,-1.5,-0.75,-1.5,-0.75,-0.75,-0.75,-0.75,-0.75,-1.5,-0.75,-0.75,-0.75,-1.5,-0.75,-1.5,-1.5,-1.5,-0.75,-0.75,-0.75,-0.75,-1.5,-1.5,-0.75,-0.75,-0.75,-1.5,-1.5,-1.5,-1.5,-0.75,-1.5,-0.75,-1.5,-0.75,-0.75,-0.75,-1.5,-1.5,-1.5,-0.75,-0.75,-1.5,-1.5,-0.75,-1.5,-0.75,-0.75,-0.75,-1.5,-0.75,-0.75,-1.5,-1.5,-1.5,-0.75,-0.75,-0.75,-0.75,-0.75,-0.75,-0.75,-0.75,-1.5,-1.5,-1.5,-1.5,-1.5,0.0
